episode,step,rtt,jitter,packet_loss,crc_errors,interface_errors,interface_flaps,utilization,label,ttf_ms
0,0,16.09,1.8,0.0,7,7,0,28.66,1,4000.0
0,1,17.56,1.08,0.47,9,9,0,28.67,1,3900.0
0,2,17.39,2.43,0.41,10,10,0,28.74,1,3800.0
0,3,17.48,2.76,0.56,11,11,0,28.87,1,3700.0
0,4,15.7,2.38,1.35,12,12,0,29.09,1,3600.0
0,5,15.21,2.43,0.6,15,15,0,29.42,1,3500.0
0,6,16.11,2.98,1.74,18,18,0,29.88,1,3400.0
0,7,17.22,3.31,1.24,20,20,0,30.48,1,3300.0
0,8,18.74,4.39,2.09,23,23,0,31.25,1,3200.0
0,9,21.15,4.5,2.05,25,25,0,32.2,1,3100.0
0,10,21.89,5.79,2.24,27,27,0,33.35,1,3000.0
0,11,24.0,7.1,2.85,30,30,0,34.71,1,2900.0
0,12,24.83,9.06,2.85,34,34,0,36.31,2,917.9
0,13,27.57,11.1,4.22,38,39,0,38.15,2,1196.0
0,14,29.38,12.65,4.68,40,41,0,40.25,2,1050.4
0,15,30.68,14.01,5.69,44,45,0,42.64,2,810.2
0,16,35.51,16.01,5.55,49,50,1,45.32,2,849.7
0,17,39.92,18.46,6.87,54,55,1,48.3,2,637.9
0,18,43.24,21.21,6.99,58,60,1,51.61,2,440.7
0,19,46.19,23.97,6.86,63,65,2,55.26,2,570.8
1,0,15.09,1.38,0.33,4,4,0,32.33,1,5399.7
1,1,14.8,1.61,0.29,4,4,0,32.42,1,5980.5
1,2,14.88,1.3,0.22,4,4,0,32.61,1,5606.7
1,3,15.92,1.26,0.06,5,5,0,32.9,1,5734.2
1,4,16.45,0.83,0.24,6,6,0,33.28,1,5192.9
1,5,18.15,1.11,0.7,7,7,0,33.76,1,4781.5
1,6,19.6,1.39,0.46,8,8,0,34.33,1,5019.8
1,7,20.22,2.06,0.83,9,9,0,34.99,1,4668.4
1,8,21.21,2.23,0.86,10,10,0,35.76,1,4658.4
1,9,22.22,2.25,0.7,10,10,0,36.61,1,4699.8
1,10,22.92,2.41,1.09,10,10,0,37.57,1,4955.0
1,11,24.01,2.96,1.1,11,12,0,38.61,1,4058.4
1,12,24.04,3.34,1.37,11,12,0,39.76,1,3956.3
1,13,24.43,3.79,1.49,11,12,0,40.99,1,3939.5
1,14,25.75,4.54,1.82,12,13,0,42.33,1,3734.4
1,15,27.19,5.39,1.78,12,13,0,43.76,1,3876.8
1,16,28.08,6.3,1.45,13,14,0,45.28,1,3422.8
1,17,28.69,6.95,1.97,13,14,0,46.9,1,3367.5
1,18,30.01,7.68,1.94,14,15,0,48.61,1,3326.9
1,19,31.28,8.55,2.29,14,15,0,50.42,1,3281.1
1,20,32.86,8.88,2.13,15,16,0,52.33,1,3120.9
2,0,13.32,1.82,0.0,1,1,0,30.2,1,4000.0
2,1,14.82,2.14,1.2,2,2,0,30.23,1,3900.0
2,2,14.84,2.74,0.69,3,3,0,30.33,1,3800.0
2,3,15.33,3.25,0.66,4,4,0,30.55,1,3700.0
2,4,14.38,3.65,0.0,7,7,0,30.92,1,3600.0
2,5,15.03,3.58,1.39,9,9,0,31.48,1,3500.0
2,6,16.31,4.75,2.01,11,11,0,32.25,1,3400.0
2,7,17.51,5.83,2.67,13,13,0,33.26,1,3300.0
2,8,19.16,6.49,3.18,17,17,0,34.55,1,3200.0
2,9,19.65,7.43,3.63,21,21,0,36.15,2,1389.3
2,10,23.87,8.71,6.0,25,26,0,38.07,2,1153.3
2,11,25.67,10.51,5.51,28,29,0,40.36,2,1139.0
2,12,27.65,12.17,5.16,32,33,1,43.04,2,1041.5
2,13,31.27,13.56,7.42,36,37,1,46.13,2,930.5
2,14,34.96,17.15,7.52,42,44,2,49.66,2,920.6
3,0,12.34,0.61,0.0,0,0,0,36.8,0,10000.0
3,1,12.14,0.51,0.0,0,0,0,38.68,0,10000.0
3,2,12.73,0.63,0.0,0,0,0,37.36,0,10000.0
3,3,13.18,0.64,0.0,0,0,0,37.6,0,10000.0
3,4,12.66,0.36,0.0,0,0,0,38.25,0,10000.0
3,5,13.35,0.2,0.0,0,0,0,34.92,0,10000.0
3,6,13.85,0.22,0.0,0,0,0,35.38,0,10000.0
3,7,14.71,0.36,0.0,0,0,0,35.16,0,10000.0
3,8,14.34,0.39,0.0,0,0,0,35.14,0,10000.0
3,9,14.58,0.71,0.0,0,0,0,35.47,0,10000.0
3,10,14.09,0.75,0.0,0,0,0,33.99,0,10000.0
3,11,14.87,0.91,0.0,0,0,0,32.9,0,10000.0
3,12,15.06,1.07,0.0,0,0,0,33.63,0,10000.0
3,13,15.03,1.1,0.0,0,0,0,32.86,0,10000.0
3,14,15.45,1.16,0.0,0,0,0,32.27,0,10000.0
3,15,16.27,1.27,0.0,0,0,0,34.67,0,10000.0
3,16,16.16,1.08,0.0,0,0,0,36.33,0,10000.0
3,17,16.4,1.28,0.0,0,0,0,36.44,0,10000.0
3,18,15.77,1.18,0.0,1,1,0,37.72,0,10000.0
3,19,15.27,0.97,0.0,1,1,0,36.37,0,10000.0
3,20,14.79,0.99,0.0,1,1,0,37.32,0,10000.0
3,21,15.44,0.85,0.0,1,1,0,34.94,0,10000.0
3,22,15.38,0.71,0.0,1,1,0,38.76,0,10000.0
3,23,15.43,0.56,0.0,1,1,0,38.62,0,10000.0
4,0,7.77,2.8,0.32,5,5,0,40.37,1,4000.0
4,1,8.84,3.29,0.0,8,8,0,40.39,1,3900.0
4,2,8.92,2.64,0.25,10,10,0,40.43,1,3800.0
4,3,9.16,2.23,0.72,11,11,0,40.53,1,3700.0
4,4,8.09,2.35,0.38,12,12,0,40.69,1,3600.0
4,5,10.0,2.68,0.75,15,15,0,40.92,1,3500.0
4,6,10.11,3.25,0.57,18,18,0,41.25,1,3400.0
4,7,9.47,4.46,0.0,21,21,0,41.69,1,3300.0
4,8,8.93,4.93,1.54,24,24,0,42.24,1,3200.0
4,9,9.33,5.87,1.73,26,26,0,42.93,1,3100.0
4,10,9.84,6.08,1.41,27,27,0,43.76,1,3000.0
4,11,11.93,6.78,2.97,28,28,0,44.74,1,2900.0
4,12,13.73,7.97,1.87,31,31,0,45.89,1,2800.0
4,13,13.6,8.95,2.53,33,33,0,47.21,1,2700.0
4,14,15.07,10.03,3.18,36,36,0,48.73,2,895.5
4,15,15.88,10.63,3.67,40,41,0,50.45,2,803.7
4,16,17.64,11.85,4.45,43,44,0,52.37,2,779.1
4,17,19.39,13.63,4.82,46,47,0,54.52,2,596.3
4,18,20.42,14.61,5.36,49,50,0,56.91,2,520.5
4,19,23.24,16.04,5.67,54,55,1,59.53,2,558.7
4,20,24.92,16.89,6.73,57,58,1,62.41,2,406.5
4,21,30.22,18.8,6.67,61,62,1,65.56,2,400.0
4,22,33.14,21.32,7.48,66,68,2,68.98,2,400.0
4,23,37.02,24.46,7.62,71,73,2,72.69,2,400.0
5,0,9.3,1.48,0.0,6,6,0,33.46,1,5566.7
5,1,8.89,1.29,0.32,6,6,0,33.59,1,5930.7
5,2,9.33,1.33,0.47,6,6,0,33.84,1,5766.1
5,3,10.19,0.99,0.34,7,7,0,34.21,1,5740.6
5,4,11.41,1.15,0.56,7,7,0,34.71,1,5281.8
5,5,11.52,2.17,0.97,7,7,0,35.34,1,5500.7
5,6,13.25,2.31,0.85,7,7,0,36.09,1,4742.3
5,7,14.21,2.54,1.05,8,8,0,36.96,1,5091.7
5,8,14.73,3.1,1.12,9,10,0,37.96,1,4957.7
5,9,15.74,3.54,1.1,9,10,0,39.09,1,4653.5
5,10,15.71,3.9,1.32,9,10,0,40.34,1,4750.6
5,11,16.86,3.63,1.83,10,11,0,41.71,1,4167.0
5,12,18.18,4.13,2.07,10,11,0,43.21,1,4263.3
5,13,18.65,5.34,2.2,11,12,0,44.84,1,4165.7
5,14,20.2,5.67,1.69,11,12,0,46.59,1,3883.2
5,15,22.02,6.24,2.32,12,13,0,48.46,1,3748.4
6,0,14.07,1.26,0.0,5,5,0,20.9,1,5924.0
6,1,13.7,1.38,0.0,5,5,0,21.04,1,6060.9
6,2,13.64,2.0,0.21,5,5,0,21.3,1,5455.6
6,3,13.89,2.31,0.6,6,6,0,21.7,1,5532.0
6,4,13.85,2.41,0.51,6,6,0,22.24,1,5185.5
6,5,14.2,2.27,0.52,6,6,0,22.9,1,5211.3
6,6,14.68,2.67,1.13,7,7,0,23.7,1,5199.6
6,7,15.93,2.89,1.01,7,7,0,24.64,1,5067.2
6,8,15.5,3.33,1.14,8,9,0,25.7,1,5097.0
6,9,16.92,4.23,1.37,8,9,0,26.9,1,4575.4
6,10,18.0,4.7,1.57,9,10,0,28.24,1,4710.0
6,11,20.13,5.41,1.81,9,10,0,29.7,1,4206.2
6,12,21.92,6.27,1.96,10,11,0,31.3,1,4268.5
6,13,23.81,6.87,2.13,10,11,0,33.04,1,4532.4
6,14,24.8,7.06,2.49,11,12,0,34.9,1,4000.1
7,0,9.66,1.15,0.16,3,3,0,42.99,1,6431.8
7,1,9.62,1.31,0.08,3,3,0,43.09,1,5750.2
7,2,9.22,1.44,0.46,3,3,0,43.29,1,5751.0
7,3,9.62,1.87,0.2,3,3,0,43.59,1,5537.4
7,4,10.2,1.98,0.44,4,4,0,43.99,1,5251.7
7,5,11.01,2.08,0.69,5,5,0,44.49,1,5258.6
7,6,9.8,2.28,0.58,6,6,0,45.09,1,5101.9
7,7,10.86,2.74,0.83,6,6,0,45.79,1,4941.7
7,8,11.4,3.27,0.74,6,6,0,46.59,1,4816.1
7,9,11.79,3.84,0.8,6,6,0,47.49,1,4647.1
7,10,12.98,4.63,1.04,6,7,0,48.49,1,4212.1
7,11,12.91,4.84,1.26,7,8,0,49.59,1,4482.3
7,12,14.53,5.4,0.96,8,9,0,50.79,1,3861.9
7,13,15.5,6.06,1.69,8,9,0,52.09,1,4246.7
7,14,17.19,6.04,1.52,8,9,0,53.49,1,3618.9
7,15,17.97,6.48,1.63,8,9,0,54.99,1,3773.3
7,16,18.52,6.9,1.88,9,10,0,56.59,1,3708.6
7,17,18.66,7.52,2.11,9,10,0,58.29,1,3199.9
7,18,19.55,7.92,2.12,9,10,0,60.09,1,3439.9
7,19,20.1,8.46,1.83,9,10,0,61.99,1,2796.5
8,0,15.83,0.47,0.0,4,4,0,44.85,0,10000.0
8,1,15.61,0.97,0.0,4,4,0,43.95,0,10000.0
8,2,15.32,1.0,0.0,4,4,0,42.09,0,10000.0
8,3,14.8,1.06,0.0,4,4,0,39.1,0,10000.0
8,4,15.97,1.18,0.0,4,4,0,39.54,0,10000.0
8,5,15.15,1.04,0.0,4,4,0,38.67,0,10000.0
8,6,15.04,0.83,0.0,4,4,0,36.76,0,10000.0
8,7,15.88,0.7,0.0,4,4,0,35.76,0,10000.0
8,8,15.9,0.41,0.0,4,4,0,36.27,0,10000.0
8,9,15.45,0.53,0.0,4,4,0,36.58,0,10000.0
8,10,15.67,0.63,0.0,4,4,0,35.38,0,10000.0
8,11,14.17,0.39,0.0,4,4,0,35.7,0,10000.0
8,12,14.04,0.6,0.0,4,4,0,34.21,0,10000.0
8,13,13.81,0.44,0.0,4,4,0,32.47,0,10000.0
8,14,14.13,0.71,0.0,4,4,0,33.33,0,10000.0
8,15,13.64,0.57,0.0,4,4,0,34.96,0,10000.0
8,16,13.85,0.44,0.0,4,4,0,33.9,0,10000.0
8,17,13.0,0.56,0.0,4,4,0,33.82,0,10000.0
8,18,13.02,0.2,0.0,4,4,0,33.51,0,10000.0
8,19,13.66,0.2,0.0,4,4,0,34.81,0,10000.0
8,20,14.06,0.2,0.0,4,4,0,33.71,0,10000.0
8,21,14.38,0.45,0.0,4,4,0,33.91,0,10000.0
8,22,14.35,0.61,0.1,4,4,0,35.78,0,10000.0
8,23,14.61,0.73,0.0,4,4,0,36.1,0,10000.0
8,24,16.21,0.91,0.0,4,4,0,36.66,0,10000.0
8,25,16.16,0.91,0.0,4,4,0,37.05,0,10000.0
9,0,9.97,-0.15,0.0,7,7,0,39.5,1,4000.0
9,1,9.65,-0.09,0.0,9,9,0,39.51,1,3900.0
9,2,9.93,-0.34,0.74,10,10,0,39.55,1,3800.0
9,3,10.74,-0.32,0.73,12,12,0,39.63,1,3700.0
9,4,9.18,-1.1,0.57,14,14,0,39.75,1,3600.0
9,5,9.79,-1.48,0.75,17,17,0,39.95,1,3500.0
9,6,10.67,-1.29,0.96,20,20,0,40.21,1,3400.0
9,7,11.86,-1.16,0.74,22,22,0,40.57,1,3300.0
9,8,13.64,-1.88,1.34,24,24,0,41.01,1,3200.0
9,9,13.87,-1.06,1.38,27,27,0,41.57,1,3100.0
9,10,13.44,0.1,1.28,30,30,0,42.24,1,3000.0
9,11,14.62,-0.08,1.21,33,33,0,43.03,1,2900.0
9,12,14.89,-0.05,1.96,36,36,0,43.96,1,2800.0
9,13,14.56,-0.29,0.95,38,38,0,45.03,1,2700.0
9,14,15.61,0.24,2.09,40,40,0,46.26,1,2600.0
9,15,16.76,1.83,2.82,44,44,0,47.65,1,2500.0
9,16,18.86,3.08,3.4,46,46,0,49.21,2,757.3
9,17,21.26,4.82,4.02,49,50,0,50.95,2,888.7
9,18,21.73,5.81,3.92,52,53,0,52.88,2,489.1
9,19,24.56,7.6,4.38,56,57,0,55.0,2,409.3
9,20,24.98,9.29,5.11,61,62,0,57.33,2,636.2
9,21,28.1,11.09,5.02,64,65,1,59.88,2,400.0
9,22,34.29,12.9,5.07,69,70,1,62.64,2,400.0
9,23,37.29,14.83,5.23,74,75,1,65.64,2,400.0
9,24,41.18,17.12,6.23,78,80,1,68.88,2,400.0
9,25,46.23,19.91,7.09,84,86,2,72.36,2,400.0
9,26,49.23,22.65,7.92,88,90,2,76.1,2,400.0
10,0,13.45,0.57,0.0,5,5,0,44.75,1,5769.1
10,1,13.37,0.64,0.0,6,6,0,44.82,1,6015.3
10,2,13.76,0.5,0.24,6,6,0,44.95,1,5388.3
10,3,13.82,0.5,0.24,6,6,0,45.15,1,6023.7
10,4,14.3,0.5,0.0,7,7,0,45.42,1,5066.9
10,5,15.56,0.5,0.19,8,8,0,45.75,1,5146.7
10,6,16.23,0.69,0.47,8,8,0,46.15,1,5045.9
10,7,16.37,1.27,0.5,8,8,0,46.62,1,5060.3
10,8,16.46,1.23,0.39,9,9,0,47.15,1,4825.2
10,9,17.37,1.12,0.96,9,9,0,47.75,1,4564.3
10,10,18.77,1.58,0.64,9,9,0,48.42,1,4702.1
10,11,19.28,2.08,0.52,9,9,0,49.15,1,4683.2
10,12,20.07,2.72,1.18,10,10,0,49.95,1,4053.3
10,13,20.33,3.21,0.94,11,11,0,50.82,1,3900.0
10,14,20.97,3.39,1.02,11,11,0,51.75,1,3708.1
10,15,21.73,3.69,0.77,12,13,0,52.75,1,3873.2
10,16,23.08,4.37,1.46,12,13,0,53.82,1,3661.4
10,17,24.27,4.21,1.31,12,13,0,54.95,1,3268.0
10,18,24.49,4.76,1.37,12,13,0,56.15,1,3395.2
10,19,24.73,5.68,1.45,12,13,0,57.42,1,3215.4
10,20,24.9,5.95,1.78,13,14,0,58.75,1,2965.7
10,21,25.46,6.18,1.7,13,14,0,60.15,1,2707.2
10,22,26.79,7.21,1.6,14,15,0,61.62,1,2500.0
10,23,28.94,8.15,1.69,14,15,0,63.15,1,2660.3
10,24,30.26,8.72,1.73,14,15,0,64.75,1,2692.7
10,25,30.81,9.39,2.09,14,15,0,66.42,1,2514.3
10,26,32.2,10.46,1.66,15,16,0,68.15,1,2500.0
10,27,33.8,11.26,2.03,15,16,0,69.95,1,2500.0
10,28,35.45,11.99,2.41,15,16,0,71.82,1,2500.0
10,29,38.56,12.76,2.19,16,17,0,73.75,1,2500.0
11,0,8.42,2.3,0.0,3,3,0,40.9,1,5787.7
11,1,9.15,2.78,0.04,3,3,0,41.01,1,5763.4
11,2,9.16,2.95,0.24,3,3,0,41.25,1,5358.4
11,3,9.27,3.28,0.24,3,3,0,41.6,1,5492.6
11,4,10.28,3.77,0.77,3,3,0,42.07,1,5530.6
11,5,11.11,3.44,0.73,3,3,0,42.66,1,5015.4
11,6,12.01,4.02,0.98,3,3,0,43.37,1,5249.4
11,7,13.09,4.6,1.13,4,4,0,44.19,1,4833.4
11,8,14.76,4.89,1.19,4,4,0,45.13,1,4784.1
11,9,16.49,5.75,0.99,5,6,0,46.19,1,4974.4
11,10,17.24,6.02,1.58,5,6,0,47.37,1,4179.0
11,11,17.5,6.61,1.4,5,6,0,48.66,1,4323.7
11,12,19.0,7.21,1.36,6,7,0,50.07,1,4300.3
11,13,20.74,7.6,1.49,6,7,0,51.6,1,4001.3
11,14,21.62,8.67,1.91,6,7,0,53.25,1,4107.2
11,15,22.26,9.34,2.12,6,7,0,55.01,1,4189.8
11,16,23.63,10.39,1.88,6,7,0,56.9,1,3817.3
12,0,12.12,1.49,0.06,5,5,0,36.69,1,4000.0
12,1,13.09,1.9,0.0,8,8,0,36.72,1,3900.0
12,2,13.88,1.95,0.19,10,10,0,36.81,1,3800.0
12,3,11.97,2.09,0.04,12,12,0,37.01,1,3700.0
12,4,11.42,2.86,0.0,15,15,0,37.34,1,3600.0
12,5,11.48,2.69,1.01,17,17,0,37.83,1,3500.0
12,6,10.58,3.11,1.62,20,20,0,38.52,1,3400.0
12,7,10.68,4.73,1.97,22,22,0,39.42,1,3300.0
12,8,13.02,6.06,1.4,25,25,0,40.57,1,3200.0
12,9,15.77,7.02,2.42,29,29,0,41.99,2,1191.4
12,10,19.15,8.63,4.75,32,33,0,43.7,2,1359.3
12,11,20.52,10.15,5.95,35,36,0,45.74,2,1229.3
12,12,25.7,11.26,6.36,38,39,0,48.13,2,1190.4
12,13,29.42,12.06,6.08,43,44,1,50.88,2,864.8
12,14,32.84,14.41,7.24,46,47,1,54.02,2,1012.2
12,15,36.6,17.72,7.56,52,54,2,57.58,2,1126.1
13,0,16.04,1.78,0.07,2,2,0,32.64,1,4000.0
13,1,17.85,1.75,0.54,4,4,0,32.65,1,3900.0
13,2,18.12,2.16,0.0,6,6,0,32.7,1,3800.0
13,3,16.28,2.59,0.0,8,8,0,32.79,1,3700.0
13,4,15.8,3.0,0.0,11,11,0,32.95,1,3600.0
13,5,16.8,2.83,0.0,12,12,0,33.19,1,3500.0
13,6,18.73,4.09,0.0,13,13,0,33.52,1,3400.0
13,7,19.34,4.72,2.06,16,16,0,33.95,1,3300.0
13,8,19.97,4.37,0.22,19,19,0,34.51,1,3200.0
13,9,20.0,3.62,1.25,20,20,0,35.19,1,3100.0
13,10,20.16,4.11,2.46,23,23,0,36.02,1,3000.0
13,11,22.61,4.44,2.19,25,25,0,37.0,1,2900.0
13,12,23.87,4.29,2.48,27,27,0,38.15,1,2800.0
13,13,24.51,3.93,3.69,31,31,0,39.48,1,2700.0
13,14,26.31,4.46,2.9,35,35,0,40.99,2,1048.2
13,15,25.79,5.66,4.03,38,39,0,42.71,2,840.6
13,16,27.2,7.15,3.85,40,41,0,44.64,2,659.0
13,17,29.56,9.07,4.53,43,44,0,46.79,2,659.9
13,18,33.15,10.43,4.8,48,49,0,49.17,2,472.4
13,19,36.94,11.72,5.61,52,53,1,51.8,2,589.7
13,20,39.56,13.75,6.39,57,58,1,54.68,2,400.0
13,21,43.44,15.92,7.04,62,63,1,57.82,2,447.6
13,22,48.51,17.61,6.85,66,68,2,61.24,2,400.0
13,23,51.37,20.49,8.16,72,74,2,64.95,2,400.0
14,0,7.65,0.31,1.02,3,3,0,23.18,1,4000.0
14,1,8.18,0.19,0.45,5,5,0,23.2,1,3900.0
14,2,10.03,-0.29,0.0,6,6,0,23.28,1,3800.0
14,3,10.47,0.96,0.23,9,9,0,23.44,1,3700.0
14,4,10.11,0.93,0.62,11,11,0,23.7,1,3600.0
14,5,10.38,1.92,1.13,14,14,0,24.1,1,3500.0
14,6,11.31,3.06,0.5,15,15,0,24.66,1,3400.0
14,7,11.65,2.43,1.91,16,16,0,25.39,1,3300.0
14,8,13.13,2.86,1.98,19,19,0,26.32,1,3200.0
14,9,14.64,4.34,3.33,21,21,0,27.46,1,3100.0
14,10,18.11,5.51,2.32,24,24,0,28.85,1,3000.0
14,11,20.99,6.37,2.46,27,28,0,30.5,2,1302.6
14,12,21.55,7.86,4.1,30,31,0,32.43,2,1133.4
14,13,24.51,9.86,4.68,34,35,0,34.66,2,1006.6
14,14,26.31,11.46,4.53,39,40,1,37.2,2,791.3
14,15,30.58,13.69,6.4,42,43,1,40.08,2,923.7
14,16,33.15,15.58,7.27,47,49,1,43.32,2,723.3
14,17,36.18,18.34,8.08,53,55,2,46.93,2,649.3
15,0,14.52,1.95,0.1,6,6,0,22.38,1,4000.0
15,1,15.15,2.99,0.85,8,8,0,22.4,1,3900.0
15,2,17.15,4.45,0.0,10,10,0,22.45,1,3800.0
15,3,17.75,4.11,0.06,12,12,0,22.55,1,3700.0
15,4,18.18,3.71,1.16,15,15,0,22.72,1,3600.0
15,5,18.77,4.61,0.29,17,17,0,22.98,1,3500.0
15,6,20.31,5.52,0.82,18,18,0,23.33,1,3400.0
15,7,21.47,7.67,1.46,21,21,0,23.8,1,3300.0
15,8,20.71,8.48,1.73,24,24,0,24.4,1,3200.0
15,9,21.13,9.14,0.82,25,25,0,25.14,1,3100.0
15,10,22.11,8.6,1.97,27,27,0,26.03,1,3000.0
15,11,23.68,9.07,2.43,28,28,0,27.09,1,2900.0
15,12,25.52,10.04,2.28,31,31,0,28.33,1,2800.0
15,13,28.56,10.91,2.85,35,35,0,29.77,2,961.8
15,14,31.0,12.48,3.93,37,38,0,31.4,2,989.7
15,15,32.57,13.58,2.51,39,40,0,33.26,2,816.7
15,16,34.03,15.58,5.23,42,43,0,35.34,2,650.7
15,17,38.11,16.92,5.06,45,46,0,37.66,2,678.5
15,18,40.86,18.72,5.57,49,50,1,40.23,2,400.0
15,19,44.42,20.2,6.65,54,55,1,43.07,2,548.2
15,20,46.51,22.85,7.45,57,58,1,46.18,2,459.5
15,21,49.57,24.95,6.76,62,64,1,49.57,2,537.4
15,22,53.32,27.7,7.57,66,68,2,53.27,2,400.0
16,0,12.72,1.44,0.0,1,1,0,45.59,0,10000.0
16,1,13.06,1.52,0.0,1,1,0,44.51,0,10000.0
16,2,12.85,1.81,0.0,1,1,0,45.01,0,10000.0
16,3,12.77,1.54,0.0,1,1,0,43.99,0,10000.0
16,4,13.18,1.38,0.0,1,1,0,44.93,0,10000.0
16,5,13.28,1.78,0.0,1,1,0,46.44,0,10000.0
16,6,13.28,1.66,0.0,1,1,0,45.97,0,10000.0
16,7,12.95,1.82,0.0,1,1,0,46.37,0,10000.0
16,8,12.69,2.09,0.0,1,1,0,44.62,0,10000.0
16,9,12.6,2.06,0.0,1,1,0,44.57,0,10000.0
16,10,13.05,2.08,0.0,1,1,0,45.71,0,10000.0
16,11,12.5,2.05,0.0,1,1,0,47.45,0,10000.0
16,12,12.4,2.3,0.0,1,1,0,47.66,0,10000.0
16,13,12.83,2.4,0.0,1,1,0,48.88,0,10000.0
16,14,13.03,2.22,0.0,1,1,0,48.91,0,10000.0
16,15,12.3,2.59,0.0,1,1,0,50.7,0,10000.0
17,0,11.32,1.27,0.0,1,1,0,35.67,0,10000.0
17,1,10.75,1.4,0.0,1,1,0,33.65,0,10000.0
17,2,10.32,1.38,0.0,1,1,0,32.25,0,10000.0
17,3,10.69,1.25,0.0,1,1,0,33.14,0,10000.0
17,4,11.01,1.36,0.0,1,1,0,35.08,0,10000.0
17,5,9.7,1.53,0.0,1,1,0,34.11,0,10000.0
17,6,9.63,1.76,0.0,1,1,0,35.8,0,10000.0
17,7,11.12,1.43,0.0,1,1,0,35.06,0,10000.0
17,8,10.57,1.28,0.0,1,1,0,35.33,0,10000.0
17,9,10.89,1.14,0.0,1,1,0,35.55,0,10000.0
17,10,10.55,0.73,0.0,1,1,0,36.58,0,10000.0
17,11,10.17,0.66,0.0,1,1,0,38.17,0,10000.0
17,12,10.04,0.77,0.0,1,1,0,40.71,0,10000.0
17,13,10.01,0.77,0.0,1,1,0,39.82,0,10000.0
17,14,10.01,0.62,0.0,1,1,0,41.75,0,10000.0
17,15,10.67,0.61,0.0,1,1,0,42.77,0,10000.0
17,16,11.1,0.57,0.0,1,1,0,42.37,0,10000.0
17,17,10.29,0.47,0.0,1,1,0,44.75,0,10000.0
17,18,10.86,0.67,0.0,1,1,0,44.16,0,10000.0
17,19,10.86,0.51,0.0,1,1,0,43.77,0,10000.0
17,20,11.07,0.34,0.0,1,1,0,42.74,0,10000.0
18,0,15.47,0.81,0.0,0,0,0,32.16,0,10000.0
18,1,14.81,0.78,0.0,0,0,0,31.55,0,10000.0
18,2,15.11,0.73,0.0,0,0,0,31.5,0,10000.0
18,3,15.29,0.82,0.0,0,0,0,32.64,0,10000.0
18,4,15.91,1.1,0.0,0,0,0,33.79,0,10000.0
18,5,16.63,0.94,0.0,0,0,0,35.75,0,10000.0
18,6,16.3,0.97,0.0,0,0,0,34.93,0,10000.0
18,7,16.56,0.96,0.0,0,0,0,33.17,0,10000.0
18,8,16.14,0.79,0.0,0,0,0,33.74,0,10000.0
18,9,15.52,0.48,0.0,0,0,0,31.79,0,10000.0
18,10,15.9,0.48,0.0,0,0,0,31.76,0,10000.0
18,11,15.58,0.47,0.0,0,0,0,30.61,0,10000.0
18,12,15.51,0.58,0.0,0,0,0,31.06,0,10000.0
18,13,15.7,0.43,0.0,0,0,0,29.98,0,10000.0
18,14,16.04,0.3,0.0,0,0,0,29.44,0,10000.0
18,15,16.57,0.2,0.0,0,0,0,29.92,0,10000.0
18,16,16.32,0.2,0.0,0,0,0,30.07,0,10000.0
18,17,15.96,0.2,0.0,0,0,0,27.04,0,10000.0
18,18,15.2,0.2,0.0,0,0,0,26.56,0,10000.0
18,19,14.97,0.43,0.0,0,0,0,27.56,0,10000.0
18,20,14.88,0.2,0.0,0,0,0,26.87,0,10000.0
18,21,14.66,0.2,0.0,0,0,0,26.15,0,10000.0
18,22,14.48,0.2,0.0,0,0,0,27.1,0,10000.0
18,23,15.01,0.2,0.0,0,0,0,26.09,0,10000.0
18,24,14.1,0.2,0.0,0,0,0,25.18,0,10000.0
18,25,14.03,0.49,0.0,0,0,0,22.96,0,10000.0
18,26,14.66,0.38,0.0,0,0,0,21.07,0,10000.0
18,27,14.86,0.49,0.0,0,0,0,21.65,0,10000.0
19,0,10.58,1.61,0.14,8,8,0,32.54,1,4000.0
19,1,9.61,1.48,0.19,11,11,0,32.56,1,3900.0
19,2,8.17,1.0,0.0,14,14,0,32.62,1,3800.0
19,3,6.88,-0.15,1.14,16,16,0,32.76,1,3700.0
19,4,8.66,-0.38,0.92,18,18,0,32.98,1,3600.0
19,5,8.76,-0.63,1.21,19,19,0,33.31,1,3500.0
19,6,8.73,-0.18,1.39,21,21,0,33.76,1,3400.0
19,7,9.43,1.09,1.66,23,23,0,34.37,1,3300.0
19,8,12.4,1.83,1.66,26,26,0,35.14,1,3200.0
19,9,15.24,1.72,2.5,29,29,0,36.09,1,3100.0
19,10,17.47,2.27,2.69,31,31,0,37.24,1,3000.0
19,11,19.6,3.02,3.31,34,34,0,38.6,1,2900.0
19,12,22.85,4.38,2.77,36,36,0,40.2,2,1074.5
19,13,24.89,5.11,4.23,40,41,0,42.04,2,1121.7
19,14,27.68,6.3,5.41,42,43,0,44.14,2,881.4
19,15,29.44,8.17,5.58,47,48,0,46.53,2,733.8
19,16,32.76,10.99,5.49,51,52,1,49.2,2,639.1
19,17,34.57,13.47,6.25,55,56,1,52.19,2,641.6
19,18,38.87,16.22,6.58,59,61,1,55.5,2,600.4
19,19,43.81,18.04,7.2,64,66,2,59.14,2,420.2
20,0,10.83,2.45,1.29,7,7,0,23.98,1,4000.0
20,1,10.19,2.45,0.0,8,8,0,24.01,1,3900.0
20,2,10.37,2.25,0.62,10,10,0,24.1,1,3800.0
20,3,11.31,2.29,0.34,11,11,0,24.3,1,3700.0
20,4,11.15,2.09,0.09,13,13,0,24.63,1,3600.0
20,5,10.25,2.26,1.1,15,15,0,25.12,1,3500.0
20,6,11.68,2.81,1.84,16,16,0,25.81,1,3400.0
20,7,14.26,3.18,2.59,17,17,0,26.71,1,3300.0
20,8,15.43,3.58,3.17,21,21,0,27.86,1,3200.0
20,9,14.87,4.06,2.72,23,23,0,29.28,2,1308.2
20,10,16.88,4.59,3.03,27,28,0,30.99,2,1516.7
20,11,20.9,5.8,4.08,30,31,0,33.03,2,1259.7
20,12,22.82,7.54,5.04,34,35,0,35.41,2,1016.9
20,13,23.56,9.56,6.29,38,39,1,38.17,2,906.1
20,14,26.51,12.0,7.2,41,42,1,41.31,2,946.0
20,15,31.26,14.33,7.02,46,48,2,44.87,2,922.8
21,0,12.26,1.12,0.0,2,2,0,26.34,0,10000.0
21,1,11.83,0.98,0.0,2,2,0,26.8,0,10000.0
21,2,12.02,1.01,0.1,2,2,0,25.84,0,10000.0
21,3,12.05,0.75,0.0,2,2,0,26.02,0,10000.0
21,4,11.78,0.85,0.0,2,2,0,23.59,0,10000.0
21,5,11.54,0.49,0.0,2,2,0,21.84,0,10000.0
21,6,11.66,0.69,0.0,2,2,0,21.68,0,10000.0
21,7,11.02,0.69,0.0,2,2,0,20.47,0,10000.0
21,8,10.59,0.71,0.0,2,2,0,20.93,0,10000.0
21,9,10.63,1.11,0.0,2,2,0,23.75,0,10000.0
21,10,9.81,1.13,0.0,2,2,0,18.75,0,10000.0
21,11,9.61,1.17,0.0,2,2,0,21.34,0,10000.0
21,12,9.8,0.66,0.0,2,2,0,22.96,0,10000.0
21,13,10.06,0.53,0.0,2,2,0,22.84,0,10000.0
21,14,9.58,0.53,0.0,2,2,0,26.28,0,10000.0
21,15,9.86,0.66,0.0,2,2,0,25.46,0,10000.0
21,16,10.53,0.45,0.0,2,2,0,23.41,0,10000.0
21,17,11.21,0.74,0.0,2,2,0,22.26,0,10000.0
21,18,11.42,0.42,0.0,2,2,0,20.42,0,10000.0
21,19,11.64,0.31,0.0,2,2,0,21.29,0,10000.0
21,20,11.69,0.2,0.0,2,2,0,21.1,0,10000.0
22,0,14.01,2.35,0.07,1,1,0,34.84,1,6014.8
22,1,14.33,2.55,0.45,1,1,0,34.95,1,5920.7
22,2,14.5,2.35,0.27,1,1,0,35.17,1,5570.4
22,3,14.97,3.17,0.19,1,1,0,35.5,1,5431.2
22,4,15.26,3.79,0.19,1,1,0,35.95,1,5243.0
22,5,15.08,3.94,0.34,2,2,0,36.5,1,5428.5
22,6,17.2,4.31,0.6,2,2,0,37.17,1,5279.1
22,7,17.72,4.85,0.69,2,2,0,37.95,1,4725.7
22,8,19.26,4.91,0.65,2,2,0,38.84,1,4682.4
22,9,18.66,5.24,1.06,2,3,0,39.84,1,4553.4
22,10,18.28,5.6,1.15,2,3,0,40.95,1,4550.9
22,11,18.94,5.89,1.88,2,3,0,42.17,1,4491.7
22,12,20.69,5.78,1.19,2,3,0,43.5,1,4047.2
22,13,21.11,6.66,1.8,2,3,0,44.95,1,4128.9
22,14,22.11,7.39,1.63,3,4,0,46.5,1,3560.7
22,15,23.85,7.73,1.89,3,4,0,48.17,1,4061.3
22,16,25.41,8.47,1.93,3,4,0,49.95,1,3558.3
22,17,27.05,9.54,1.98,4,5,0,51.84,1,3182.2
23,0,12.18,3.27,0.0,3,3,0,36.31,1,4000.0
23,1,12.8,3.55,0.0,6,6,0,36.34,1,3900.0
23,2,14.62,3.37,0.86,7,7,0,36.45,1,3800.0
23,3,16.45,3.59,0.53,9,9,0,36.67,1,3700.0
23,4,15.81,3.88,0.0,12,12,0,37.04,1,3600.0
23,5,17.84,4.28,0.98,14,14,0,37.59,1,3500.0
23,6,17.25,4.77,1.37,17,17,0,38.36,1,3400.0
23,7,18.84,5.62,2.54,18,18,0,39.37,1,3300.0
23,8,21.59,7.07,2.83,21,21,0,40.67,1,3200.0
23,9,23.54,6.85,2.96,25,25,0,42.26,2,1454.7
23,10,26.48,7.78,4.19,27,28,0,44.19,2,1386.0
23,11,30.56,8.88,4.68,30,31,0,46.48,2,1118.7
23,12,33.13,11.07,5.77,33,34,1,49.15,2,1087.2
23,13,36.69,12.72,6.77,38,39,1,52.25,2,999.1
23,14,40.74,15.86,6.88,43,45,2,55.78,2,943.5
24,0,8.22,1.18,0.0,3,3,0,25.77,0,10000.0
24,1,8.67,1.36,0.0,3,3,0,27.42,0,10000.0
24,2,8.26,1.31,0.0,3,3,0,28.69,0,10000.0
24,3,8.6,1.3,0.0,3,3,0,32.3,0,10000.0
24,4,8.18,1.38,0.0,3,3,0,35.17,0,10000.0
24,5,8.29,1.6,0.0,3,3,0,32.14,0,10000.0
24,6,8.43,1.83,0.0,3,3,0,33.12,0,10000.0
24,7,8.79,2.08,0.0,3,3,0,32.31,0,10000.0
24,8,9.07,1.99,0.0,3,3,0,31.24,0,10000.0
24,9,8.97,2.21,0.0,3,3,0,32.95,0,10000.0
24,10,8.89,2.33,0.0,3,3,0,30.02,0,10000.0
24,11,8.75,2.18,0.0,3,3,0,30.27,0,10000.0
24,12,8.93,2.13,0.0,3,3,0,29.49,0,10000.0
24,13,9.37,1.91,0.0,3,3,0,27.95,0,10000.0
24,14,9.32,2.04,0.0,3,3,0,28.43,0,10000.0
24,15,8.84,1.99,0.0,3,3,0,27.3,0,10000.0
24,16,8.94,1.61,0.0,3,3,0,27.03,0,10000.0
24,17,8.7,1.81,0.0,3,3,0,27.52,0,10000.0
24,18,8.24,1.97,0.0,3,3,0,27.72,0,10000.0
24,19,8.29,1.77,0.0,3,3,0,27.09,0,10000.0
24,20,7.92,1.65,0.0,3,3,0,27.2,0,10000.0
24,21,8.05,1.83,0.0,3,3,0,29.1,0,10000.0
24,22,8.17,1.37,0.0,3,3,0,30.66,0,10000.0
24,23,8.72,1.52,0.0,3,3,0,33.26,0,10000.0
24,24,7.9,1.38,0.0,3,3,0,32.17,0,10000.0
24,25,7.16,1.13,0.0,3,3,0,33.02,0,10000.0
24,26,7.43,1.19,0.0,4,4,0,31.21,0,10000.0
24,27,7.62,0.9,0.0,4,4,0,29.49,0,10000.0
25,0,13.81,1.48,0.01,6,6,0,20.19,1,4000.0
25,1,14.94,1.71,0.13,7,7,0,20.2,1,3900.0
25,2,15.24,1.45,0.85,8,8,0,20.25,1,3800.0
25,3,16.93,1.52,0.49,11,11,0,20.34,1,3700.0
25,4,18.96,1.46,0.31,12,12,0,20.5,1,3600.0
25,5,18.21,1.26,0.53,14,14,0,20.74,1,3500.0
25,6,19.8,1.93,0.3,15,15,0,21.07,1,3400.0
25,7,20.39,2.03,0.0,16,16,0,21.51,1,3300.0
25,8,19.34,2.81,1.12,17,17,0,22.06,1,3200.0
25,9,20.68,3.49,1.36,18,18,0,22.74,1,3100.0
25,10,21.26,4.13,1.48,21,21,0,23.57,1,3000.0
25,11,21.74,3.61,2.71,24,24,0,24.55,1,2900.0
25,12,23.33,4.0,2.8,27,27,0,25.7,1,2800.0
25,13,25.34,5.0,1.91,30,30,0,27.03,1,2700.0
25,14,27.2,6.27,3.06,34,34,0,28.55,2,1027.9
25,15,28.32,7.31,3.61,37,38,0,30.26,2,815.3
25,16,31.0,7.89,3.63,39,40,0,32.19,2,644.5
25,17,34.5,9.12,4.49,43,44,0,34.34,2,509.3
25,18,36.9,10.83,5.43,47,48,0,36.72,2,620.6
25,19,40.38,12.89,4.71,51,52,1,39.35,2,432.5
25,20,45.04,14.83,6.98,54,55,1,42.23,2,404.6
25,21,49.16,16.94,7.26,59,60,1,45.38,2,400.0
25,22,53.51,18.73,7.55,64,66,2,48.8,2,400.0
25,23,57.01,21.21,7.76,68,70,2,52.5,2,400.0
26,0,13.84,2.07,0.0,0,0,0,38.39,1,5760.5
26,1,13.16,1.91,0.0,0,0,0,38.5,1,6083.4
26,2,12.95,2.15,0.2,0,0,0,38.72,1,5741.4
26,3,12.81,1.96,0.39,1,1,0,39.06,1,5628.3
26,4,12.45,2.26,0.32,1,1,0,39.5,1,5439.9
26,5,13.43,2.58,0.9,2,2,0,40.06,1,5200.8
26,6,13.37,3.09,0.64,3,3,0,40.72,1,5302.7
26,7,13.97,3.2,1.19,3,3,0,41.5,1,4910.2
26,8,13.59,4.09,0.9,4,4,0,42.39,1,4912.6
26,9,14.51,4.41,1.16,4,5,0,43.39,1,4487.8
26,10,15.8,4.66,1.24,4,5,0,44.5,1,4415.0
26,11,18.24,5.11,1.38,5,6,0,45.72,1,4458.7
26,12,19.23,5.91,1.73,5,6,0,47.06,1,4236.8
26,13,19.82,7.02,2.02,5,6,0,48.5,1,3921.9
26,14,20.29,7.59,1.5,5,6,0,50.06,1,3756.3
26,15,21.89,8.15,1.6,6,7,0,51.72,1,3776.8
26,16,22.89,9.05,2.1,7,8,0,53.5,1,3609.6
26,17,24.53,10.11,2.41,7,8,0,55.39,1,3194.9
27,0,13.68,1.26,0.0,2,2,0,19.9,0,10000.0
27,1,13.63,0.92,0.0,3,3,0,22.07,0,10000.0
27,2,12.51,0.72,0.0,3,3,0,25.96,0,10000.0
27,3,13.2,0.52,0.0,3,3,0,26.93,0,10000.0
27,4,12.81,0.45,0.0,3,3,0,28.14,0,10000.0
27,5,12.91,0.84,0.0,3,3,0,27.85,0,10000.0
27,6,12.3,1.0,0.0,3,3,0,30.1,0,10000.0
27,7,12.91,0.77,0.0,3,3,0,29.95,0,10000.0
27,8,12.67,1.03,0.0,3,3,0,29.36,0,10000.0
27,9,12.31,0.68,0.0,3,3,0,28.21,0,10000.0
27,10,12.37,0.78,0.0,3,3,0,28.76,0,10000.0
27,11,12.53,0.92,0.0,3,3,0,28.01,0,10000.0
27,12,12.6,0.89,0.0,3,3,0,25.58,0,10000.0
27,13,12.27,0.94,0.0,4,4,0,22.8,0,10000.0
27,14,12.16,0.94,0.0,4,4,0,20.97,0,10000.0
27,15,12.54,1.13,0.0,4,4,0,22.71,0,10000.0
27,16,12.51,0.94,0.0,4,4,0,25.22,0,10000.0
27,17,14.02,0.96,0.0,4,4,0,24.85,0,10000.0
27,18,14.59,1.05,0.0,4,4,0,23.99,0,10000.0
27,19,14.91,0.83,0.0,4,4,0,22.57,0,10000.0
27,20,14.64,0.84,0.0,4,4,0,22.79,0,10000.0
27,21,16.04,0.58,0.0,4,4,0,23.45,0,10000.0
28,0,10.65,2.24,0.0,0,0,0,28.77,0,10000.0
28,1,10.93,2.0,0.0,0,0,0,26.8,0,10000.0
28,2,11.77,1.86,0.0,0,0,0,27.24,0,10000.0
28,3,12.01,2.04,0.0,0,0,0,26.06,0,10000.0
28,4,12.28,2.11,0.0,0,0,0,25.57,0,10000.0
28,5,12.45,1.73,0.1,0,0,0,25.9,0,10000.0
28,6,12.62,1.45,0.0,0,0,0,24.81,0,10000.0
28,7,12.65,1.52,0.0,0,0,0,26.76,0,10000.0
28,8,12.73,1.56,0.0,0,0,0,26.74,0,10000.0
28,9,12.79,1.66,0.0,0,0,0,24.03,0,10000.0
28,10,13.16,1.74,0.0,0,0,0,21.69,0,10000.0
28,11,13.27,1.85,0.0,0,0,0,22.07,0,10000.0
28,12,13.24,1.89,0.0,0,0,0,20.25,0,10000.0
28,13,13.86,2.36,0.0,0,0,0,20.75,0,10000.0
28,14,13.03,2.48,0.0,0,0,0,22.89,0,10000.0
28,15,13.45,2.35,0.0,0,0,0,22.76,0,10000.0
28,16,13.43,2.1,0.0,0,0,0,23.12,0,10000.0
28,17,13.5,2.07,0.0,0,0,0,19.37,0,10000.0
28,18,14.3,1.84,0.0,0,0,0,18.97,0,10000.0
29,0,10.32,1.56,0.1,3,3,0,34.38,1,5821.7
29,1,11.86,1.44,0.18,3,3,0,34.5,1,5590.1
29,2,13.59,1.44,0.42,3,3,0,34.75,1,5713.6
29,3,13.33,1.31,0.05,4,4,0,35.13,1,5538.4
29,4,13.27,1.37,0.4,4,4,0,35.63,1,5499.3
29,5,13.82,1.68,0.5,4,4,0,36.25,1,5298.9
29,6,14.73,1.61,0.7,5,5,0,37.0,1,4802.8
29,7,15.85,1.99,0.67,6,6,0,37.88,1,5210.1
29,8,17.89,2.73,1.37,6,7,0,38.88,1,4787.0
29,9,19.09,3.41,1.27,6,7,0,40.0,1,4757.4
29,10,19.87,4.61,1.48,6,7,0,41.25,1,4750.3
29,11,20.76,5.0,1.59,7,8,0,42.63,1,4375.5
29,12,22.27,5.45,1.61,8,9,0,44.13,1,4233.7
29,13,23.65,6.33,1.72,9,10,0,45.75,1,4222.0
29,14,24.7,7.01,1.83,9,10,0,47.5,1,4043.5
29,15,25.97,7.24,2.07,10,11,0,49.38,1,3704.8
30,0,11.61,0.58,0.0,3,3,0,32.87,0,10000.0
30,1,11.0,0.32,0.0,3,3,0,33.26,0,10000.0
30,2,10.7,0.2,0.0,3,3,0,34.79,0,10000.0
30,3,11.34,0.44,0.0,3,3,0,34.37,0,10000.0
30,4,10.75,0.2,0.0,3,3,0,34.96,0,10000.0
30,5,10.95,0.2,0.0,3,3,0,33.79,0,10000.0
30,6,10.54,0.23,0.0,3,3,0,34.38,0,10000.0
30,7,11.56,0.43,0.0,3,3,0,33.63,0,10000.0
30,8,11.6,0.48,0.0,3,3,0,36.1,0,10000.0
30,9,11.93,0.47,0.0,3,3,0,32.44,0,10000.0
30,10,11.34,0.2,0.0,3,3,0,35.27,0,10000.0
30,11,11.26,0.2,0.0,3,3,0,35.49,0,10000.0
30,12,11.01,0.32,0.0,3,3,0,35.71,0,10000.0
30,13,10.71,0.2,0.0,3,3,0,33.84,0,10000.0
30,14,10.78,0.4,0.0,3,3,0,33.54,0,10000.0
31,0,11.63,2.07,0.0,5,5,0,24.37,0,10000.0
31,1,11.33,1.96,0.0,5,5,0,27.91,0,10000.0
31,2,11.68,1.94,0.0,5,5,0,26.46,0,10000.0
31,3,12.29,2.09,0.0,5,5,0,27.24,0,10000.0
31,4,11.93,2.3,0.0,5,5,0,25.63,0,10000.0
31,5,11.83,2.17,0.0,5,5,0,25.99,0,10000.0
31,6,11.88,2.38,0.0,5,5,0,24.99,0,10000.0
31,7,12.81,2.37,0.0,5,5,0,25.25,0,10000.0
31,8,12.84,2.27,0.0,5,5,0,25.22,0,10000.0
31,9,12.65,1.99,0.0,5,5,0,24.83,0,10000.0
31,10,12.7,2.0,0.0,5,5,0,25.26,0,10000.0
31,11,12.94,2.1,0.0,5,5,0,26.66,0,10000.0
31,12,12.17,1.72,0.0,5,5,0,25.18,0,10000.0
31,13,12.77,1.53,0.0,5,5,0,27.4,0,10000.0
31,14,13.52,1.86,0.0,5,5,0,27.38,0,10000.0
31,15,14.09,1.98,0.0,5,5,0,28.33,0,10000.0
31,16,13.68,1.88,0.0,5,5,0,26.94,0,10000.0
31,17,13.35,2.09,0.0,5,5,0,24.87,0,10000.0
31,18,12.33,1.96,0.0,5,5,0,24.19,0,10000.0
31,19,12.82,2.2,0.0,5,5,0,24.13,0,10000.0
31,20,12.75,2.16,0.0,5,5,0,23.86,0,10000.0
31,21,13.19,2.2,0.0,5,5,0,24.19,0,10000.0
31,22,13.02,2.15,0.0,5,5,0,25.56,0,10000.0
32,0,11.47,1.55,0.0,1,1,0,32.73,0,10000.0
32,1,11.98,1.96,0.0,1,1,0,32.56,0,10000.0
32,2,11.76,2.14,0.0,1,1,0,31.97,0,10000.0
32,3,10.92,2.4,0.0,1,1,0,32.76,0,10000.0
32,4,10.49,2.15,0.0,1,1,0,33.45,0,10000.0
32,5,10.26,2.02,0.0,1,1,0,32.6,0,10000.0
32,6,10.63,2.07,0.0,1,1,0,34.13,0,10000.0
32,7,10.51,1.92,0.0,1,1,0,36.19,0,10000.0
32,8,10.89,1.63,0.0,1,1,0,35.85,0,10000.0
32,9,10.55,1.64,0.0,1,1,0,38.16,0,10000.0
32,10,11.73,1.43,0.0,1,1,0,37.54,0,10000.0
32,11,11.14,1.37,0.0,1,1,0,36.86,0,10000.0
32,12,10.89,1.17,0.0,1,1,0,36.64,0,10000.0
32,13,10.78,0.97,0.0,1,1,0,36.87,0,10000.0
32,14,9.78,0.99,0.0,1,1,0,37.27,0,10000.0
32,15,9.59,0.77,0.0,1,1,0,38.31,0,10000.0
32,16,9.59,1.17,0.0,1,1,0,40.95,0,10000.0
32,17,10.0,1.3,0.0,1,1,0,41.89,0,10000.0
32,18,9.9,1.27,0.0,1,1,0,41.99,0,10000.0
32,19,8.78,1.36,0.0,1,1,0,41.05,0,10000.0
32,20,8.72,0.86,0.0,1,1,0,45.15,0,10000.0
32,21,8.63,0.86,0.0,1,1,0,46.91,0,10000.0
32,22,8.01,0.89,0.0,1,1,0,46.99,0,10000.0
32,23,8.06,0.92,0.0,1,1,0,45.15,0,10000.0
32,24,7.8,0.69,0.0,1,1,0,48.28,0,10000.0
32,25,8.35,0.47,0.0,1,1,0,51.46,0,10000.0
33,0,14.07,0.79,0.0,3,3,0,30.57,1,5732.8
33,1,14.41,0.88,0.07,4,4,0,30.66,1,6016.9
33,2,14.4,1.12,0.06,4,4,0,30.85,1,5876.8
33,3,14.67,1.1,0.15,4,4,0,31.14,1,5538.1
33,4,14.4,1.1,0.29,4,4,0,31.52,1,5441.8
33,5,14.29,1.56,0.42,4,4,0,32.0,1,5435.9
33,6,14.78,2.27,0.17,4,4,0,32.57,1,5123.6
33,7,15.57,2.95,0.58,5,5,0,33.24,1,4767.0
33,8,15.52,3.75,0.86,5,5,0,34.0,1,4942.6
33,9,16.31,3.97,1.28,6,6,0,34.85,1,4783.9
33,10,17.02,4.52,0.92,6,6,0,35.81,1,4486.1
33,11,17.4,5.59,0.93,6,7,0,36.85,1,4644.2
33,12,17.67,5.76,1.07,6,7,0,38.0,1,4103.1
33,13,18.86,5.92,1.28,6,7,0,39.24,1,3985.4
33,14,19.51,6.79,1.43,6,7,0,40.57,1,4081.3
33,15,19.85,7.26,1.67,6,7,0,42.0,1,3949.7
33,16,20.62,7.89,1.87,6,7,0,43.52,1,3368.1
33,17,22.3,8.07,1.91,6,7,0,45.14,1,3249.7
33,18,23.75,9.49,1.83,6,7,0,46.85,1,3208.8
33,19,25.06,10.7,2.14,6,7,0,48.66,1,3142.7
33,20,26.96,11.3,2.08,7,8,0,50.57,1,2651.2
34,0,13.61,1.47,0.0,1,1,0,38.86,0,10000.0
34,1,13.75,1.55,0.0,1,1,0,38.84,0,10000.0
34,2,13.74,1.7,0.0,1,1,0,41.06,0,10000.0
34,3,13.41,1.6,0.0,1,1,0,38.4,0,10000.0
34,4,13.47,1.52,0.0,1,1,0,40.29,0,10000.0
34,5,13.28,1.67,0.0,1,1,0,40.38,0,10000.0
34,6,13.36,1.26,0.0,1,1,0,40.92,0,10000.0
34,7,14.57,1.35,0.0,1,1,0,42.53,0,10000.0
34,8,14.73,0.92,0.0,1,1,0,42.75,0,10000.0
34,9,15.09,0.83,0.0,1,1,0,41.29,0,10000.0
34,10,15.43,0.98,0.0,1,1,0,39.53,0,10000.0
34,11,15.86,1.23,0.0,1,1,0,41.09,0,10000.0
34,12,15.74,1.49,0.0,1,1,0,40.49,0,10000.0
34,13,15.73,1.8,0.0,1,1,0,42.25,0,10000.0
34,14,15.8,2.15,0.0,1,1,0,44.11,0,10000.0
34,15,15.98,2.27,0.0,1,1,0,44.25,0,10000.0
34,16,16.18,2.55,0.0,1,1,0,41.81,0,10000.0
34,17,15.57,2.14,0.0,1,1,0,41.9,0,10000.0
34,18,15.22,2.07,0.0,1,1,0,41.76,0,10000.0
34,19,15.35,2.15,0.0,1,1,0,38.67,0,10000.0
34,20,15.19,2.28,0.0,1,1,0,40.27,0,10000.0
34,21,14.96,2.17,0.0,1,1,0,39.08,0,10000.0
34,22,13.95,2.39,0.0,1,1,0,38.88,0,10000.0
35,0,15.54,1.68,0.0,3,3,0,35.43,1,6161.6
35,1,16.21,1.21,0.31,3,3,0,35.54,1,5933.2
35,2,17.03,1.66,0.34,3,3,0,35.78,1,5432.7
35,3,16.15,1.78,0.22,3,3,0,36.13,1,5903.2
35,4,15.93,1.82,0.79,3,3,0,36.6,1,5396.4
35,5,16.28,2.07,0.89,3,3,0,37.19,1,5413.7
35,6,15.96,2.48,0.49,4,4,0,37.9,1,5448.8
35,7,16.6,2.73,0.54,4,4,0,38.72,1,4925.5
35,8,16.94,3.56,1.16,4,4,0,39.66,1,4975.8
35,9,18.55,3.53,1.18,5,6,0,40.72,1,4909.3
35,10,19.31,3.99,1.26,5,6,0,41.9,1,4538.2
35,11,19.42,4.21,1.35,5,6,0,43.19,1,4197.1
35,12,20.7,4.21,1.58,6,7,0,44.6,1,4472.2
35,13,22.92,5.21,1.52,6,7,0,46.13,1,4111.4
35,14,24.89,6.1,1.37,7,8,0,47.78,1,3911.1
35,15,26.16,6.71,1.95,7,8,0,49.54,1,3657.2
35,16,27.81,7.52,1.93,7,8,0,51.43,1,3775.0
36,0,11.1,1.2,1.04,1,1,0,39.68,1,4000.0
36,1,10.6,2.34,0.57,3,3,0,39.69,1,3900.0
36,2,8.71,1.76,0.37,5,5,0,39.73,1,3800.0
36,3,7.93,1.45,0.77,8,8,0,39.79,1,3700.0
36,4,7.48,1.8,0.0,11,11,0,39.91,1,3600.0
36,5,7.06,1.65,0.33,14,14,0,40.08,1,3500.0
36,6,7.41,2.0,0.0,16,16,0,40.31,1,3400.0
36,7,7.4,1.7,1.42,18,18,0,40.62,1,3300.0
36,8,8.52,1.78,0.82,19,19,0,41.01,1,3200.0
36,9,9.04,0.68,0.61,20,20,0,41.5,1,3100.0
36,10,8.58,1.16,1.06,23,23,0,42.09,1,3000.0
36,11,8.74,1.44,1.5,25,25,0,42.79,1,2900.0
36,12,8.93,1.38,1.95,26,26,0,43.61,1,2800.0
36,13,9.03,2.34,1.79,27,27,0,44.55,1,2700.0
36,14,9.64,3.3,2.29,30,30,0,45.63,1,2600.0
36,15,11.15,4.05,1.98,32,32,0,46.85,1,2500.0
36,16,12.49,5.58,3.02,34,34,0,48.22,1,2400.0
36,17,13.72,6.87,3.79,37,37,0,49.75,2,597.9
36,18,16.73,7.46,3.59,40,41,0,51.44,2,649.0
36,19,17.84,8.96,4.96,43,44,0,53.31,2,702.3
36,20,18.32,10.35,3.71,45,46,0,55.36,2,571.3
36,21,21.88,11.63,5.28,49,50,0,57.6,2,400.0
36,22,23.52,13.1,5.33,53,54,1,60.03,2,400.0
36,23,24.36,14.37,5.89,57,58,1,62.67,2,400.0
36,24,28.71,15.91,6.23,61,62,1,65.51,2,400.0
36,25,32.38,17.87,6.32,64,65,1,68.58,2,400.0
36,26,36.45,19.5,7.39,68,70,1,71.86,2,400.0
36,27,38.7,22.1,7.84,74,76,2,75.38,2,400.0
36,28,44.32,24.16,8.31,80,82,2,79.13,2,400.0
37,0,15.89,1.99,0.0,0,0,0,35.86,0,10000.0
37,1,15.48,2.03,0.0,0,0,0,35.31,0,10000.0
37,2,15.03,2.29,0.0,0,0,0,34.41,0,10000.0
37,3,15.25,2.42,0.0,0,0,0,34.66,0,10000.0
37,4,14.61,2.1,0.0,0,0,0,33.28,0,10000.0
37,5,15.48,2.31,0.0,0,0,0,32.9,0,10000.0
37,6,16.65,2.36,0.0,0,0,0,31.91,0,10000.0
37,7,16.17,2.71,0.0,0,0,0,32.96,0,10000.0
37,8,15.53,2.63,0.0,0,0,0,33.54,0,10000.0
37,9,14.79,2.64,0.0,0,0,0,34.39,0,10000.0
37,10,15.08,2.62,0.0,0,0,0,31.2,0,10000.0
37,11,14.12,2.68,0.0,0,0,0,30.3,0,10000.0
37,12,14.36,2.82,0.0,0,0,0,30.32,0,10000.0
37,13,14.52,2.77,0.0,1,1,0,30.93,0,10000.0
37,14,14.53,2.99,0.0,1,1,0,30.61,0,10000.0
37,15,14.93,2.79,0.0,1,1,0,30.82,0,10000.0
37,16,14.57,2.67,0.0,1,1,0,30.65,0,10000.0
37,17,14.73,2.81,0.0,1,1,0,33.01,0,10000.0
37,18,14.67,2.84,0.0,1,1,0,32.41,0,10000.0
37,19,14.82,2.92,0.0,1,1,0,33.2,0,10000.0
37,20,15.2,2.84,0.0,1,1,0,33.94,0,10000.0
37,21,14.8,3.15,0.0,1,1,0,32.99,0,10000.0
37,22,14.22,2.79,0.0,1,1,0,31.7,0,10000.0
37,23,14.93,3.18,0.0,1,1,0,32.92,0,10000.0
38,0,15.33,1.97,0.0,5,5,0,42.98,1,5898.8
38,1,16.03,2.08,0.0,6,6,0,43.06,1,6222.7
38,2,15.77,2.66,0.36,6,6,0,43.22,1,5478.3
38,3,15.62,2.6,0.43,6,6,0,43.46,1,5408.5
38,4,15.92,2.44,0.6,6,6,0,43.78,1,5203.9
38,5,15.36,2.28,0.0,6,6,0,44.18,1,5442.6
38,6,16.56,2.74,0.33,6,6,0,44.66,1,5169.9
38,7,16.6,2.81,0.51,6,6,0,45.22,1,5273.7
38,8,17.89,2.87,0.92,6,6,0,45.86,1,4986.0
38,9,18.29,2.89,0.8,6,6,0,46.58,1,4692.7
38,10,19.03,2.81,0.82,6,6,0,47.38,1,4501.6
38,11,19.9,3.15,0.83,6,6,0,48.26,1,4099.3
38,12,20.81,3.61,1.12,7,7,0,49.22,1,4155.5
38,13,22.02,4.69,1.18,7,8,0,50.26,1,3995.9
38,14,22.56,5.43,1.16,7,8,0,51.38,1,3719.8
38,15,22.34,6.31,1.3,7,8,0,52.58,1,3908.3
38,16,23.99,6.49,1.13,7,8,0,53.86,1,3316.1
38,17,24.45,6.68,1.75,7,8,0,55.22,1,3565.9
38,18,25.31,7.37,1.77,7,8,0,56.66,1,2677.1
38,19,27.26,7.54,1.73,8,9,0,58.18,1,3470.5
38,20,29.18,8.29,1.92,9,10,0,59.78,1,3124.9
38,21,31.09,9.33,1.71,9,10,0,61.46,1,3239.4
38,22,32.18,9.53,1.9,9,10,0,63.22,1,2500.0
38,23,32.61,10.17,1.67,9,10,0,65.06,1,2576.2
38,24,33.83,10.84,1.85,9,10,0,66.98,1,2500.0
39,0,14.72,2.06,0.0,3,3,0,43.45,0,10000.0
39,1,15.0,2.24,0.0,3,3,0,43.06,0,10000.0
39,2,14.74,2.49,0.0,3,3,0,43.38,0,10000.0
39,3,15.31,2.42,0.0,3,3,0,45.28,0,10000.0
39,4,14.66,2.46,0.0,3,3,0,44.13,0,10000.0
39,5,13.99,2.67,0.0,3,3,0,43.39,0,10000.0
39,6,13.83,2.85,0.0,3,3,0,46.04,0,10000.0
39,7,13.57,3.08,0.0,3,3,0,47.04,0,10000.0
39,8,13.76,3.44,0.0,3,3,0,48.79,0,10000.0
39,9,13.62,3.4,0.0,3,3,0,48.66,0,10000.0
39,10,13.21,3.41,0.0,3,3,0,47.21,0,10000.0
39,11,13.59,3.57,0.0,3,3,0,49.31,0,10000.0
39,12,13.66,3.94,0.0,3,3,0,49.62,0,10000.0
39,13,13.74,3.83,0.0,3,3,0,48.06,0,10000.0
39,14,14.13,3.62,0.0,3,3,0,48.04,0,10000.0
39,15,14.12,3.68,0.0,3,3,0,48.34,0,10000.0
39,16,14.19,3.52,0.0,3,3,0,48.57,0,10000.0
39,17,14.34,3.1,0.0,3,3,0,51.8,0,10000.0
39,18,13.56,2.86,0.0,3,3,0,50.33,0,10000.0
39,19,13.47,2.75,0.0,3,3,0,50.8,0,10000.0
40,0,9.31,1.44,0.0,2,2,0,25.51,1,4000.0
40,1,10.68,1.57,0.48,4,4,0,25.53,1,3900.0
40,2,10.86,2.26,0.33,7,7,0,25.6,1,3800.0
40,3,11.46,2.46,0.0,8,8,0,25.73,1,3700.0
40,4,10.02,2.07,0.42,11,11,0,25.95,1,3600.0
40,5,11.89,1.76,1.05,14,14,0,26.28,1,3500.0
40,6,13.36,1.93,1.25,17,17,0,26.74,1,3400.0
40,7,13.01,2.05,1.59,18,18,0,27.34,1,3300.0
40,8,12.92,3.61,1.9,20,20,0,28.11,1,3200.0
40,9,14.09,4.29,2.45,21,21,0,29.06,1,3100.0
40,10,15.91,5.93,2.42,24,24,0,30.21,1,3000.0
40,11,18.29,6.63,1.79,28,28,0,31.57,1,2900.0
40,12,22.28,7.76,3.92,31,31,0,33.17,2,988.8
40,13,23.23,8.05,4.2,34,35,0,35.01,2,994.6
40,14,23.4,9.22,5.43,36,37,0,37.11,2,1193.9
40,15,26.03,10.88,4.74,41,42,0,39.5,2,753.6
40,16,28.63,12.32,6.74,46,47,1,42.17,2,671.0
40,17,33.86,15.0,6.85,51,52,1,45.16,2,449.3
40,18,36.3,17.96,7.44,55,57,1,48.47,2,553.9
40,19,41.19,20.07,8.14,61,63,2,52.12,2,609.8
41,0,11.89,1.58,0.0,2,2,0,20.41,0,10000.0
41,1,11.7,1.83,0.0,2,2,0,19.21,0,10000.0
41,2,12.28,1.74,0.0,2,2,0,20.63,0,10000.0
41,3,12.04,1.65,0.0,2,2,0,17.47,0,10000.0
41,4,11.64,1.66,0.0,2,2,0,18.99,0,10000.0
41,5,11.09,1.49,0.0,2,2,0,19.4,0,10000.0
41,6,11.16,1.39,0.0,2,2,0,16.84,0,10000.0
41,7,11.81,1.3,0.0,2,2,0,16.88,0,10000.0
41,8,11.4,1.28,0.0,2,2,0,21.69,0,10000.0
41,9,11.16,1.18,0.0,2,2,0,23.36,0,10000.0
41,10,11.68,1.57,0.0,2,2,0,23.64,0,10000.0
41,11,11.64,1.18,0.0,2,2,0,25.21,0,10000.0
41,12,11.95,0.98,0.0,2,2,0,24.98,0,10000.0
41,13,12.2,0.9,0.0,2,2,0,27.47,0,10000.0
41,14,11.74,0.46,0.0,2,2,0,28.82,0,10000.0
41,15,10.93,0.2,0.0,2,2,0,30.29,0,10000.0
41,16,11.51,0.2,0.0,2,2,0,32.63,0,10000.0
41,17,12.25,0.2,0.0,2,2,0,32.46,0,10000.0
41,18,12.36,0.2,0.0,2,2,0,31.81,0,10000.0
42,0,11.61,1.19,0.0,6,6,0,36.93,1,6033.7
42,1,12.12,1.37,0.51,6,6,0,37.03,1,5823.2
42,2,12.16,1.31,0.41,6,6,0,37.22,1,5723.8
42,3,11.84,1.61,0.5,6,6,0,37.51,1,5454.5
42,4,12.32,1.96,0.31,6,6,0,37.89,1,5270.3
42,5,12.86,2.23,0.63,6,6,0,38.36,1,5025.0
42,6,14.07,2.24,0.36,7,7,0,38.93,1,5109.6
42,7,14.65,2.06,0.73,7,7,0,39.6,1,4900.7
42,8,16.09,2.16,0.93,7,7,0,40.36,1,4697.6
42,9,16.05,2.86,1.09,7,7,0,41.22,1,4768.8
42,10,17.85,3.03,1.31,7,7,0,42.17,1,4494.2
42,11,17.99,3.82,1.34,7,8,0,43.22,1,4158.7
42,12,19.03,4.11,0.78,7,8,0,44.36,1,4327.7
42,13,19.35,4.85,1.58,7,8,0,45.6,1,4416.3
42,14,19.89,5.27,1.72,7,8,0,46.93,1,3621.8
42,15,20.91,5.47,1.81,7,8,0,48.36,1,3897.8
42,16,22.34,6.16,1.85,7,8,0,49.89,1,3609.4
42,17,24.34,6.41,1.93,7,8,0,51.51,1,3358.9
42,18,25.42,6.98,2.14,7,8,0,53.22,1,3049.6
42,19,26.53,7.27,1.86,7,8,0,55.03,1,3100.8
42,20,27.88,7.9,1.96,7,8,0,56.93,1,3305.3
43,0,9.74,2.61,0.0,5,5,0,43.13,1,5718.0
43,1,8.92,2.45,0.42,5,5,0,43.22,1,5972.9
43,2,9.39,2.19,0.17,5,5,0,43.41,1,5816.1
43,3,9.79,2.18,0.15,6,6,0,43.68,1,5643.5
43,4,11.16,2.31,0.48,6,6,0,44.04,1,5876.6
43,5,10.95,2.36,0.16,6,6,0,44.5,1,5188.2
43,6,10.42,2.54,0.67,6,6,0,45.04,1,4921.4
43,7,12.2,2.97,0.74,6,6,0,45.68,1,5008.5
43,8,13.1,3.34,0.7,6,6,0,46.41,1,4985.0
43,9,14.43,3.57,0.98,6,6,0,47.22,1,4957.8
43,10,14.18,4.0,1.23,6,6,0,48.13,1,4561.1
43,11,13.92,4.61,1.09,7,8,0,49.13,1,4208.1
43,12,14.46,4.79,1.03,7,8,0,50.22,1,4248.1
43,13,14.86,5.23,0.96,8,9,0,51.41,1,3981.4
43,14,16.44,6.13,1.42,8,9,0,52.68,1,3842.2
43,15,17.14,6.75,1.43,8,9,0,54.04,1,3561.6
43,16,18.27,6.84,1.66,9,10,0,55.5,1,3599.2
43,17,20.12,7.67,1.82,9,10,0,57.04,1,3843.3
43,18,22.09,8.13,1.76,9,10,0,58.68,1,3014.4
43,19,23.94,8.84,2.17,9,10,0,60.41,1,3163.1
43,20,25.39,9.74,2.2,9,10,0,62.22,1,3469.2
43,21,26.91,10.32,2.26,9,10,0,64.13,1,2893.7
44,0,8.14,1.15,0.0,5,5,0,30.89,1,6100.5
44,1,8.0,1.46,0.22,6,6,0,30.97,1,6167.1
44,2,8.0,1.39,0.35,6,6,0,31.12,1,5834.2
44,3,8.0,1.5,0.21,6,6,0,31.34,1,5243.8
44,4,8.71,1.75,0.4,6,6,0,31.64,1,5058.9
44,5,9.66,2.9,0.45,7,7,0,32.01,1,5295.5
44,6,8.98,2.68,0.45,8,8,0,32.45,1,4997.5
44,7,9.58,2.99,0.85,9,9,0,32.97,1,5288.0
44,8,9.85,3.5,0.57,9,9,0,33.56,1,5091.6
44,9,10.06,4.08,0.88,9,9,0,34.23,1,4372.7
44,10,10.55,4.31,0.56,10,10,0,34.97,1,5056.7
44,11,11.64,4.83,0.89,10,10,0,35.78,1,4392.3
44,12,12.56,5.27,1.08,11,11,0,36.67,1,4496.9
44,13,13.89,5.72,1.15,11,11,0,37.64,1,4221.4
44,14,15.11,6.69,1.24,11,12,0,38.67,1,3938.0
44,15,15.49,7.2,1.18,11,12,0,39.78,1,3726.0
44,16,16.62,8.11,1.48,11,12,0,40.97,1,3625.5
44,17,17.07,8.81,1.57,11,12,0,42.23,1,3616.0
44,18,18.22,9.41,1.6,12,13,0,43.56,1,3103.8
44,19,18.79,9.89,1.51,12,13,0,44.97,1,3100.7
44,20,19.73,10.08,1.37,12,13,0,46.45,1,2693.9
44,21,20.51,10.5,1.34,12,13,0,48.01,1,2636.5
44,22,21.19,11.55,1.77,12,13,0,49.64,1,2500.0
44,23,22.99,12.67,1.98,13,14,0,51.34,1,2500.0
44,24,24.27,13.81,1.72,13,14,0,53.12,1,2545.4
44,25,26.22,14.6,2.01,13,14,0,54.97,1,2500.0
44,26,28.94,15.53,2.23,13,14,0,56.89,1,2500.0
45,0,11.63,0.61,0.0,5,5,0,41.75,0,10000.0
45,1,11.36,0.49,0.0,5,5,0,42.97,0,10000.0
45,2,11.41,0.49,0.0,5,5,0,39.98,0,10000.0
45,3,10.96,0.53,0.0,5,5,0,40.45,0,10000.0
45,4,11.88,0.54,0.0,5,5,0,39.21,0,10000.0
45,5,11.63,0.53,0.0,5,5,0,37.07,0,10000.0
45,6,11.39,0.27,0.0,5,5,0,35.16,0,10000.0
45,7,11.44,0.22,0.0,5,5,0,35.95,0,10000.0
45,8,11.06,0.2,0.0,5,5,0,34.48,0,10000.0
45,9,11.14,0.31,0.0,5,5,0,34.33,0,10000.0
45,10,11.35,0.2,0.0,6,6,0,31.77,0,10000.0
45,11,11.37,0.2,0.0,6,6,0,32.02,0,10000.0
45,12,11.62,0.2,0.0,6,6,0,31.84,0,10000.0
45,13,12.01,0.2,0.0,6,6,0,31.16,0,10000.0
45,14,12.35,0.2,0.0,6,6,0,32.9,0,10000.0
45,15,12.42,0.2,0.0,6,6,0,32.52,0,10000.0
45,16,12.41,0.25,0.0,6,6,0,32.72,0,10000.0
45,17,11.88,0.36,0.0,6,6,0,33.38,0,10000.0
45,18,11.9,0.56,0.0,6,6,0,35.61,0,10000.0
45,19,11.59,0.5,0.0,6,6,0,33.24,0,10000.0
45,20,11.85,0.43,0.0,6,6,0,31.22,0,10000.0
45,21,11.38,0.37,0.0,6,6,0,30.58,0,10000.0
45,22,12.34,0.2,0.0,6,6,0,29.98,0,10000.0
46,0,12.04,1.5,0.0,2,2,0,40.99,0,10000.0
46,1,11.94,1.31,0.0,2,2,0,42.27,0,10000.0
46,2,11.7,1.43,0.0,3,3,0,43.05,0,10000.0
46,3,11.53,1.03,0.0,3,3,0,43.28,0,10000.0
46,4,11.04,1.12,0.0,4,4,0,47.97,0,10000.0
46,5,11.62,0.92,0.0,4,4,0,49.86,0,10000.0
46,6,12.27,0.98,0.0,4,4,0,49.94,0,10000.0
46,7,11.61,1.01,0.0,4,4,0,48.31,0,10000.0
46,8,11.64,1.31,0.0,4,4,0,46.4,0,10000.0
46,9,12.56,1.08,0.0,4,4,0,47.2,0,10000.0
46,10,12.25,1.02,0.0,4,4,0,44.54,0,10000.0
46,11,12.12,1.14,0.0,4,4,0,45.22,0,10000.0
46,12,11.78,1.07,0.0,4,4,0,43.51,0,10000.0
46,13,11.52,1.11,0.0,4,4,0,44.28,0,10000.0
46,14,12.19,1.12,0.0,4,4,0,44.19,0,10000.0
46,15,12.07,1.24,0.0,4,4,0,43.75,0,10000.0
47,0,15.02,2.13,0.0,0,0,0,23.39,1,6036.1
47,1,15.06,1.77,0.17,0,0,0,23.51,1,5789.6
47,2,15.04,1.95,0.16,1,1,0,23.74,1,5602.7
47,3,14.54,2.26,0.34,2,2,0,24.1,1,5817.2
47,4,14.66,3.06,0.51,2,2,0,24.57,1,5453.2
47,5,15.29,3.48,0.61,3,3,0,25.15,1,5066.8
47,6,16.29,4.43,1.01,3,3,0,25.86,1,5139.4
47,7,17.5,4.76,0.88,4,4,0,26.68,1,4614.5
47,8,18.76,4.69,1.06,4,4,0,27.62,1,4905.9
47,9,19.29,5.33,1.28,5,6,0,28.68,1,4414.2
47,10,19.19,5.53,1.46,6,7,0,29.86,1,4118.9
47,11,19.13,6.57,1.1,6,7,0,31.15,1,4095.0
47,12,20.06,6.59,1.8,7,8,0,32.57,1,4201.2
47,13,20.83,7.4,1.65,7,8,0,34.1,1,4146.5
47,14,23.34,8.28,1.61,7,8,0,35.74,1,3646.5
47,15,25.2,8.54,1.85,7,8,0,37.51,1,3816.4
47,16,27.27,9.76,2.22,7,8,0,39.39,1,3545.1
48,0,14.29,1.66,0.0,2,2,0,43.33,0,10000.0
48,1,13.75,1.25,0.0,2,2,0,43.89,0,10000.0
48,2,13.89,1.07,0.0,2,2,0,41.59,0,10000.0
48,3,13.66,1.09,0.0,2,2,0,41.7,0,10000.0
48,4,13.31,1.24,0.0,2,2,0,43.8,0,10000.0
48,5,13.45,0.86,0.0,2,2,0,42.95,0,10000.0
48,6,12.29,0.9,0.0,2,2,0,43.14,0,10000.0
48,7,12.58,1.21,0.1,2,2,0,44.04,0,10000.0
48,8,12.6,1.08,0.0,2,2,0,47.45,0,10000.0
48,9,12.64,0.97,0.0,2,2,0,48.56,0,10000.0
48,10,12.88,1.27,0.0,2,2,0,49.58,0,10000.0
48,11,12.7,1.64,0.0,2,2,0,50.2,0,10000.0
48,12,12.48,1.78,0.0,2,2,0,48.85,0,10000.0
48,13,12.95,2.26,0.0,2,2,0,50.35,0,10000.0
48,14,12.65,2.22,0.0,3,3,0,50.2,0,10000.0
48,15,12.88,2.41,0.0,3,3,0,51.45,0,10000.0
48,16,13.65,2.62,0.0,3,3,0,51.52,0,10000.0
49,0,13.74,1.44,0.0,6,6,0,33.03,1,4000.0
49,1,15.87,1.33,0.67,8,8,0,33.04,1,3900.0
49,2,17.19,0.98,0.0,9,9,0,33.08,1,3800.0
49,3,16.14,0.67,0.0,11,11,0,33.15,1,3700.0
49,4,16.92,1.26,0.56,13,13,0,33.28,1,3600.0
49,5,17.68,1.47,0.66,15,15,0,33.48,1,3500.0
49,6,18.02,1.6,0.39,16,16,0,33.74,1,3400.0
49,7,20.46,1.72,0.69,18,18,0,34.09,1,3300.0
49,8,21.01,1.67,0.24,19,19,0,34.54,1,3200.0
49,9,21.71,1.73,1.82,20,20,0,35.1,1,3100.0
49,10,23.35,2.42,1.1,23,23,0,35.77,1,3000.0
49,11,23.55,3.01,2.31,25,25,0,36.56,1,2900.0
49,12,25.08,2.75,2.17,27,27,0,37.49,1,2800.0
49,13,26.37,3.47,2.4,30,30,0,38.56,1,2700.0
49,14,28.05,3.58,2.97,32,32,0,39.79,1,2600.0
49,15,29.32,5.31,3.52,36,36,0,41.18,1,2500.0
49,16,32.01,6.92,2.76,39,39,0,42.74,2,789.6
49,17,34.7,8.44,3.37,41,42,0,44.48,2,545.0
49,18,36.63,10.07,4.42,44,45,0,46.4,2,642.2
49,19,37.94,10.68,4.99,46,47,0,48.53,2,490.5
49,20,40.27,11.97,4.73,49,50,0,50.86,2,400.0
49,21,43.56,13.5,6.26,52,53,1,53.4,2,400.0
49,22,44.5,15.11,5.29,56,57,1,56.17,2,400.0
49,23,47.19,17.76,5.64,59,60,1,59.17,2,400.0
49,24,49.69,20.39,7.53,63,65,1,62.4,2,400.0
49,25,53.99,21.46,7.46,69,71,2,65.89,2,400.0
49,26,59.8,24.34,7.19,74,76,2,69.62,2,400.0
50,0,13.39,0.9,0.0,1,1,0,29.7,0,10000.0
50,1,12.95,1.06,0.0,1,1,0,29.12,0,10000.0
50,2,13.71,0.93,0.0,1,1,0,28.29,0,10000.0
50,3,13.74,1.17,0.0,1,1,0,30.19,0,10000.0
50,4,13.33,0.84,0.0,1,1,0,30.6,0,10000.0
50,5,13.9,0.77,0.0,1,1,0,28.55,0,10000.0
50,6,13.61,0.88,0.0,1,1,0,30.12,0,10000.0
50,7,13.49,1.13,0.0,1,1,0,29.24,0,10000.0
50,8,14.07,1.14,0.0,1,1,0,30.25,0,10000.0
50,9,14.0,1.29,0.0,1,1,0,29.93,0,10000.0
50,10,14.66,1.37,0.0,1,1,0,28.3,0,10000.0
50,11,15.16,1.56,0.0,1,1,0,29.98,0,10000.0
50,12,15.04,1.65,0.0,1,1,0,31.94,0,10000.0
50,13,15.25,1.87,0.0,1,1,0,29.62,0,10000.0
50,14,15.35,1.92,0.0,1,1,0,29.46,0,10000.0
50,15,15.87,1.99,0.0,1,1,0,30.66,0,10000.0
50,16,16.02,2.01,0.0,1,1,0,28.87,0,10000.0
50,17,16.03,2.03,0.0,1,1,0,29.69,0,10000.0
50,18,15.88,1.65,0.0,1,1,0,29.62,0,10000.0
51,0,10.28,1.0,0.15,7,7,0,25.24,1,4000.0
51,1,9.3,0.46,0.0,9,9,0,25.25,1,3900.0
51,2,9.73,-0.54,0.31,11,11,0,25.29,1,3800.0
51,3,10.51,-0.35,0.28,14,14,0,25.37,1,3700.0
51,4,8.72,0.02,0.0,17,17,0,25.51,1,3600.0
51,5,9.42,0.98,0.39,19,19,0,25.71,1,3500.0
51,6,10.11,1.34,2.4,21,21,0,26.0,1,3400.0
51,7,11.35,2.15,1.79,23,23,0,26.38,1,3300.0
51,8,11.8,2.34,0.78,26,26,0,26.86,1,3200.0
51,9,12.9,2.96,1.18,27,27,0,27.45,1,3100.0
51,10,12.08,2.83,1.58,30,30,0,28.17,1,3000.0
51,11,12.78,3.7,0.83,32,32,0,29.02,1,2900.0
51,12,13.93,3.54,1.35,34,34,0,30.01,1,2800.0
51,13,13.53,4.2,2.12,38,38,0,31.16,1,2700.0
51,14,16.82,4.7,2.87,42,42,0,32.47,1,2600.0
51,15,16.98,5.78,3.13,44,44,0,33.96,2,1079.4
51,16,18.41,6.09,4.17,48,49,0,35.63,2,698.1
51,17,19.41,7.87,4.11,50,51,0,37.49,2,753.5
51,18,22.4,9.37,5.06,54,55,0,39.55,2,540.7
51,19,25.35,11.25,5.15,58,59,0,41.83,2,587.7
51,20,27.53,12.99,5.02,63,64,1,44.32,2,419.7
51,21,29.53,14.44,6.23,67,68,1,47.04,2,400.0
51,22,30.67,16.85,5.4,70,71,1,50.01,2,400.0
51,23,35.65,18.9,6.67,74,76,1,53.21,2,400.0
51,24,38.88,22.1,7.16,80,82,2,56.68,2,400.0
51,25,42.85,25.38,7.93,84,86,2,60.4,2,400.0
52,0,14.69,0.35,0.0,3,3,0,26.57,0,10000.0
52,1,14.46,0.42,0.0,3,3,0,27.42,0,10000.0
52,2,14.4,0.5,0.0,3,3,0,27.93,0,10000.0
52,3,14.43,0.73,0.0,3,3,0,24.3,0,10000.0
52,4,14.13,1.07,0.0,3,3,0,24.81,0,10000.0
52,5,14.58,1.28,0.0,3,3,0,23.81,0,10000.0
52,6,15.39,1.28,0.0,3,3,0,21.44,0,10000.0
52,7,15.08,0.88,0.0,3,3,0,22.19,0,10000.0
52,8,15.48,1.26,0.0,3,3,0,20.75,0,10000.0
52,9,15.9,1.11,0.0,3,3,0,21.28,0,10000.0
52,10,15.62,1.47,0.0,3,3,0,21.42,0,10000.0
52,11,15.97,1.51,0.0,3,3,0,21.58,0,10000.0
52,12,16.12,1.47,0.0,3,3,0,21.01,0,10000.0
52,13,15.33,1.34,0.0,3,3,0,23.48,0,10000.0
52,14,14.51,1.28,0.0,3,3,0,21.55,0,10000.0
53,0,13.52,1.77,0.09,4,4,0,39.64,1,4000.0
53,1,14.02,0.3,0.72,6,6,0,39.66,1,3900.0
53,2,14.37,0.37,0.73,7,7,0,39.72,1,3800.0
53,3,15.6,0.59,0.0,8,8,0,39.84,1,3700.0
53,4,14.5,0.83,0.0,11,11,0,40.04,1,3600.0
53,5,15.42,2.13,0.9,12,12,0,40.34,1,3500.0
53,6,15.43,2.77,2.1,13,13,0,40.76,1,3400.0
53,7,15.53,2.89,0.95,15,15,0,41.31,1,3300.0
53,8,17.32,3.48,3.08,16,16,0,42.02,1,3200.0
53,9,17.51,4.65,2.06,19,19,0,42.89,1,3100.0
53,10,19.24,5.55,1.8,20,20,0,43.94,1,3000.0
53,11,21.35,6.38,2.08,24,24,0,45.19,1,2900.0
53,12,23.23,7.52,2.84,28,28,0,46.65,2,1221.3
53,13,23.86,8.52,3.22,32,33,0,48.34,2,988.0
53,14,25.73,9.9,4.26,35,36,0,50.27,2,1121.5
53,15,27.49,11.34,4.84,39,40,0,52.45,2,855.3
53,16,28.78,13.36,4.35,42,43,1,54.9,2,641.7
53,17,30.74,14.91,5.96,47,48,1,57.64,2,641.6
53,18,34.3,16.3,5.58,52,53,1,60.67,2,621.1
53,19,37.14,18.17,6.99,57,59,1,64.01,2,473.0
53,20,41.69,20.33,8.45,61,63,2,67.67,2,400.0
54,0,13.9,1.09,0.0,5,5,0,21.18,1,4000.0
54,1,13.06,1.29,0.28,8,8,0,21.19,1,3900.0
54,2,13.51,1.93,0.58,11,11,0,21.24,1,3800.0
54,3,12.77,2.12,0.21,14,14,0,21.32,1,3700.0
54,4,12.56,2.72,0.52,15,15,0,21.47,1,3600.0
54,5,11.82,2.78,0.19,16,16,0,21.69,1,3500.0
54,6,13.13,3.11,1.34,18,18,0,22.0,1,3400.0
54,7,14.75,3.23,0.27,19,19,0,22.4,1,3300.0
54,8,15.93,3.21,0.51,21,21,0,22.92,1,3200.0
54,9,14.33,3.58,2.14,24,24,0,23.55,1,3100.0
54,10,15.2,3.16,1.15,25,25,0,24.32,1,3000.0
54,11,14.41,3.81,2.01,27,27,0,25.23,1,2900.0
54,12,15.21,4.47,2.66,29,29,0,26.3,1,2800.0
54,13,15.86,5.31,2.72,32,32,0,27.53,1,2700.0
54,14,17.89,6.52,4.05,35,35,0,28.94,2,907.4
54,15,19.71,7.93,3.51,38,38,0,30.54,2,753.7
54,16,20.68,9.28,4.22,42,43,0,32.33,2,718.6
54,17,23.08,10.66,4.96,46,47,0,34.33,2,668.9
54,18,25.97,12.52,3.92,48,49,0,36.54,2,435.7
54,19,28.61,14.13,4.62,53,54,1,38.98,2,542.4
54,20,32.1,16.41,5.72,57,58,1,41.66,2,400.0
54,21,35.17,18.33,6.72,61,62,1,44.58,2,462.2
54,22,40.16,20.8,5.73,64,65,1,47.76,2,400.0
54,23,44.72,23.51,6.96,70,72,2,51.2,2,400.0
54,24,49.12,26.59,7.94,75,77,2,54.92,2,400.0
55,0,13.73,0.5,0.14,1,1,0,23.65,1,6294.9
55,1,14.88,0.51,0.1,1,1,0,23.78,1,6082.5
55,2,16.1,0.51,0.0,1,1,0,24.05,1,5694.1
55,3,16.56,0.5,0.07,1,1,0,24.45,1,5685.0
55,4,17.53,0.74,0.83,1,1,0,24.98,1,5378.9
55,5,17.85,0.5,0.65,2,2,0,25.65,1,5365.9
55,6,18.9,0.5,0.89,2,2,0,26.45,1,5146.9
55,7,19.11,0.86,1.39,2,2,0,27.38,1,4792.0
55,8,20.32,1.35,1.12,2,3,0,28.45,1,5109.3
55,9,20.53,2.47,1.21,2,3,0,29.65,1,4689.3
55,10,22.54,3.38,1.75,2,3,0,30.98,1,4401.9
55,11,23.11,3.99,1.54,2,3,0,32.45,1,4581.1
55,12,24.69,4.71,2.02,2,3,0,34.05,1,4044.8
55,13,26.5,5.31,1.92,2,3,0,35.78,1,4138.5
55,14,28.45,5.72,2.27,2,3,0,37.65,1,3703.7
56,0,8.73,2.01,0.0,5,5,0,29.67,1,5705.0
56,1,9.74,1.75,0.04,6,6,0,29.74,1,6095.8
56,2,9.63,1.52,0.15,6,6,0,29.87,1,5545.3
56,3,9.77,1.65,0.0,7,7,0,30.07,1,5428.8
56,4,10.57,1.97,0.45,7,7,0,30.34,1,5386.2
56,5,10.38,1.79,0.59,8,8,0,30.67,1,5248.8
56,6,11.2,1.96,0.26,8,8,0,31.07,1,5225.2
56,7,12.22,2.33,0.44,8,8,0,31.54,1,4870.3
56,8,12.86,2.5,0.59,8,8,0,32.07,1,4528.7
56,9,13.56,2.89,0.79,8,8,0,32.67,1,4705.0
56,10,14.17,3.33,0.64,8,8,0,33.34,1,4593.7
56,11,14.48,3.38,0.92,8,8,0,34.07,1,4423.4
56,12,15.14,3.55,0.52,8,8,0,34.87,1,4001.7
56,13,16.34,3.7,1.0,8,8,0,35.74,1,4235.0
56,14,16.69,4.23,1.18,9,9,0,36.67,1,3718.9
56,15,17.74,4.39,0.82,10,11,0,37.67,1,3938.4
56,16,18.84,4.49,1.36,10,11,0,38.74,1,3588.4
56,17,20.47,5.12,1.39,10,11,0,39.87,1,3317.4
56,18,22.63,5.61,1.85,10,11,0,41.07,1,3185.9
56,19,23.56,6.18,1.28,10,11,0,42.34,1,3719.5
56,20,24.23,6.65,1.1,11,12,0,43.67,1,2859.5
56,21,25.3,7.38,1.41,12,13,0,45.07,1,2994.6
56,22,25.58,7.96,1.83,12,13,0,46.54,1,2500.0
56,23,27.01,8.44,1.68,12,13,0,48.07,1,2546.2
56,24,28.75,8.7,1.31,12,13,0,49.67,1,2601.9
56,25,30.48,8.99,1.5,12,13,0,51.34,1,2500.0
56,26,31.48,9.43,1.53,12,13,0,53.07,1,2500.0
56,27,32.75,9.96,1.75,12,13,0,54.87,1,2500.0
56,28,33.54,10.67,2.23,12,13,0,56.74,1,2500.0
56,29,33.91,11.6,2.23,12,13,0,58.67,1,2500.0
57,0,13.51,1.91,0.0,4,4,0,33.44,0,10000.0
57,1,12.57,2.07,0.0,4,4,0,32.3,0,10000.0
57,2,12.57,1.66,0.0,4,4,0,31.88,0,10000.0
57,3,12.21,1.71,0.0,4,4,0,32.94,0,10000.0
57,4,12.15,1.79,0.0,4,4,0,35.12,0,10000.0
57,5,12.35,1.65,0.0,4,4,0,35.0,0,10000.0
57,6,13.44,1.85,0.0,4,4,0,34.65,0,10000.0
57,7,13.87,2.14,0.0,4,4,0,34.97,0,10000.0
57,8,13.97,1.95,0.0,4,4,0,34.36,0,10000.0
57,9,14.3,2.23,0.0,4,4,0,34.97,0,10000.0
57,10,13.72,2.34,0.0,4,4,0,36.17,0,10000.0
57,11,13.54,2.51,0.0,4,4,0,37.77,0,10000.0
57,12,13.2,1.85,0.0,4,4,0,38.67,0,10000.0
57,13,13.07,1.58,0.0,4,4,0,39.59,0,10000.0
57,14,13.07,1.45,0.0,4,4,0,41.58,0,10000.0
57,15,12.66,1.49,0.0,5,5,0,41.73,0,10000.0
57,16,11.6,1.46,0.0,5,5,0,41.63,0,10000.0
57,17,11.78,1.54,0.0,5,5,0,40.12,0,10000.0
57,18,12.13,1.31,0.0,5,5,0,40.82,0,10000.0
57,19,11.66,1.0,0.0,5,5,0,45.25,0,10000.0
58,0,9.0,1.96,0.0,5,5,0,32.04,0,10000.0
58,1,9.22,2.02,0.0,5,5,0,30.37,0,10000.0
58,2,8.97,2.01,0.0,5,5,0,32.71,0,10000.0
58,3,8.87,2.1,0.0,5,5,0,31.3,0,10000.0
58,4,8.82,2.08,0.0,5,5,0,33.48,0,10000.0
58,5,8.4,2.05,0.0,5,5,0,33.83,0,10000.0
58,6,8.28,1.78,0.0,5,5,0,34.03,0,10000.0
58,7,8.71,1.49,0.0,5,5,0,30.83,0,10000.0
58,8,8.31,1.11,0.0,5,5,0,29.63,0,10000.0
58,9,8.0,0.87,0.0,5,5,0,29.36,0,10000.0
58,10,7.4,0.84,0.0,5,5,0,28.18,0,10000.0
58,11,7.13,1.11,0.0,5,5,0,28.95,0,10000.0
58,12,7.5,1.47,0.0,5,5,0,30.58,0,10000.0
58,13,7.81,1.55,0.0,5,5,0,32.22,0,10000.0
58,14,8.72,1.3,0.0,5,5,0,33.22,0,10000.0
58,15,8.12,1.51,0.0,5,5,0,33.83,0,10000.0
58,16,7.95,1.19,0.0,5,5,0,34.07,0,10000.0
58,17,8.21,0.93,0.0,5,5,0,34.77,0,10000.0
58,18,8.66,1.08,0.0,5,5,0,34.05,0,10000.0
58,19,8.21,1.33,0.0,5,5,0,36.3,0,10000.0
58,20,8.0,1.33,0.0,5,5,0,33.78,0,10000.0
58,21,8.23,1.49,0.0,5,5,0,35.56,0,10000.0
58,22,7.89,1.55,0.0,6,6,0,36.6,0,10000.0
58,23,7.9,1.46,0.0,6,6,0,37.56,0,10000.0
58,24,7.89,1.26,0.0,6,6,0,36.49,0,10000.0
58,25,7.81,1.4,0.0,6,6,0,36.69,0,10000.0
58,26,8.32,1.8,0.0,6,6,0,37.63,0,10000.0
58,27,9.19,1.83,0.0,6,6,0,38.37,0,10000.0
59,0,13.15,1.27,0.0,2,2,0,33.15,0,10000.0
59,1,12.11,1.28,0.0,2,2,0,31.7,0,10000.0
59,2,12.42,1.53,0.0,2,2,0,29.78,0,10000.0
59,3,12.19,1.57,0.0,2,2,0,29.44,0,10000.0
59,4,11.89,1.72,0.0,2,2,0,30.86,0,10000.0
59,5,11.12,1.76,0.0,2,2,0,30.19,0,10000.0
59,6,10.41,2.12,0.0,2,2,0,30.74,0,10000.0
59,7,10.19,2.25,0.0,2,2,0,32.05,0,10000.0
59,8,10.23,2.05,0.0,2,2,0,31.71,0,10000.0
59,9,9.85,1.94,0.0,2,2,0,32.73,0,10000.0
59,10,9.89,2.37,0.0,2,2,0,32.44,0,10000.0
59,11,8.77,2.48,0.0,2,2,0,31.62,0,10000.0
59,12,8.32,2.23,0.0,2,2,0,30.52,0,10000.0
59,13,8.55,2.09,0.0,2,2,0,31.37,0,10000.0
59,14,7.47,2.0,0.0,2,2,0,32.64,0,10000.0
59,15,7.3,1.85,0.0,2,2,0,32.64,0,10000.0
59,16,7.59,1.62,0.0,2,2,0,30.76,0,10000.0
59,17,7.62,1.37,0.0,2,2,0,29.76,0,10000.0
59,18,7.33,1.62,0.0,2,2,0,28.94,0,10000.0
59,19,7.72,1.86,0.0,2,2,0,30.74,0,10000.0
59,20,8.13,1.8,0.0,2,2,0,29.32,0,10000.0
59,21,7.59,1.7,0.0,3,3,0,30.68,0,10000.0
59,22,7.5,1.44,0.0,4,4,0,29.0,0,10000.0
59,23,7.33,1.28,0.0,4,4,0,33.26,0,10000.0
59,24,7.06,1.41,0.0,4,4,0,34.55,0,10000.0
59,25,7.91,1.39,0.0,4,4,0,32.05,0,10000.0
59,26,8.34,1.44,0.0,4,4,0,31.42,0,10000.0
59,27,8.15,1.38,0.0,4,4,0,30.31,0,10000.0
59,28,9.62,1.5,0.0,4,4,0,33.64,0,10000.0
60,0,12.55,1.39,0.24,5,5,0,32.03,1,5973.1
60,1,13.39,1.54,0.0,5,5,0,32.15,1,6060.8
60,2,13.8,1.73,0.48,5,5,0,32.39,1,5713.6
60,3,12.65,1.81,0.36,5,5,0,32.74,1,5535.0
60,4,13.22,1.87,0.08,5,5,0,33.21,1,5557.7
60,5,13.74,2.11,0.76,5,5,0,33.8,1,4994.0
60,6,15.03,1.89,0.92,6,6,0,34.51,1,5209.5
60,7,16.26,1.99,0.92,7,7,0,35.33,1,4825.6
60,8,17.44,2.51,0.87,8,8,0,36.27,1,4940.2
60,9,18.76,3.31,1.1,8,9,0,37.33,1,4660.5
60,10,19.8,3.9,1.22,8,9,0,38.51,1,4160.1
60,11,20.62,4.47,1.34,8,9,0,39.8,1,4318.6
60,12,21.7,4.87,1.76,8,9,0,41.21,1,3867.9
60,13,23.55,5.03,1.14,9,10,0,42.74,1,3682.8
60,14,25.0,5.67,1.78,9,10,0,44.39,1,3983.6
60,15,24.92,6.93,1.78,9,10,0,46.15,1,3633.6
60,16,25.94,8.32,1.8,10,11,0,48.03,1,3904.4
61,0,10.97,0.97,0.0,5,5,0,29.99,0,10000.0
61,1,11.02,1.0,0.0,5,5,0,28.68,0,10000.0
61,2,10.96,0.87,0.0,5,5,0,34.5,0,10000.0
61,3,10.34,0.75,0.0,5,5,0,36.85,0,10000.0
61,4,11.41,0.96,0.0,5,5,0,35.56,0,10000.0
61,5,11.56,0.97,0.0,5,5,0,34.05,0,10000.0
61,6,11.35,0.94,0.0,5,5,0,34.63,0,10000.0
61,7,10.96,1.13,0.0,5,5,0,34.7,0,10000.0
61,8,10.97,1.3,0.0,5,5,0,34.46,0,10000.0
61,9,11.15,1.58,0.0,5,5,0,35.39,0,10000.0
61,10,10.8,1.66,0.0,6,6,0,34.06,0,10000.0
61,11,10.98,1.88,0.0,6,6,0,35.45,0,10000.0
61,12,10.4,1.82,0.0,6,6,0,35.61,0,10000.0
61,13,11.77,1.79,0.0,6,6,0,38.65,0,10000.0
61,14,11.77,2.06,0.0,7,7,0,41.35,0,10000.0
61,15,13.02,1.95,0.0,7,7,0,41.89,0,10000.0
61,16,12.28,1.95,0.0,7,7,0,42.88,0,10000.0
61,17,12.43,2.37,0.0,7,7,0,44.06,0,10000.0
61,18,12.86,2.41,0.0,7,7,0,40.18,0,10000.0
61,19,12.5,2.54,0.0,7,7,0,40.93,0,10000.0
62,0,10.21,2.07,0.34,0,0,0,38.65,1,6066.9
62,1,10.53,2.07,0.21,0,0,0,38.76,1,5704.7
62,2,10.44,1.64,0.28,1,1,0,38.99,1,5539.2
62,3,10.85,1.9,0.45,2,2,0,39.32,1,5446.8
62,4,11.76,1.87,0.5,2,2,0,39.76,1,5835.0
62,5,11.17,1.92,0.81,2,2,0,40.32,1,5108.6
62,6,12.19,2.06,0.83,2,2,0,40.99,1,4966.8
62,7,12.53,2.36,1.07,2,2,0,41.76,1,4676.1
62,8,12.37,2.48,0.9,2,2,0,42.65,1,4612.9
62,9,13.81,2.81,1.34,2,3,0,43.65,1,4713.8
62,10,13.4,2.59,1.25,2,3,0,44.76,1,4432.4
62,11,14.1,2.72,1.58,2,3,0,45.99,1,3876.9
62,12,14.48,3.16,1.37,2,3,0,47.32,1,4397.3
62,13,15.51,3.66,1.51,2,3,0,48.76,1,4339.8
62,14,16.11,4.63,1.72,2,3,0,50.32,1,3879.9
62,15,17.49,5.51,1.68,2,3,0,51.99,1,3798.7
62,16,18.2,6.56,1.73,2,3,0,53.76,1,3518.1
62,17,18.47,7.18,1.93,3,4,0,55.65,1,3135.5
63,0,14.05,1.15,0.0,4,4,0,34.56,0,10000.0
63,1,14.22,1.14,0.0,4,4,0,35.22,0,10000.0
63,2,14.27,0.88,0.0,4,4,0,35.45,0,10000.0
63,3,14.67,0.37,0.0,4,4,0,34.67,0,10000.0
63,4,14.19,0.44,0.0,4,4,0,34.37,0,10000.0
63,5,14.49,0.21,0.0,4,4,0,35.71,0,10000.0
63,6,15.22,0.34,0.0,4,4,0,36.09,0,10000.0
63,7,15.5,0.27,0.0,4,4,0,36.77,0,10000.0
63,8,16.37,0.54,0.0,4,4,0,35.88,0,10000.0
63,9,15.51,0.76,0.1,4,4,0,35.35,0,10000.0
63,10,14.76,0.89,0.0,4,4,0,35.08,0,10000.0
63,11,14.72,0.72,0.0,4,4,0,36.09,0,10000.0
63,12,14.99,0.91,0.0,4,4,0,34.73,0,10000.0
63,13,15.5,0.96,0.0,4,4,0,34.96,0,10000.0
63,14,15.92,1.19,0.0,4,4,0,36.58,0,10000.0
63,15,15.41,1.31,0.0,4,4,0,36.62,0,10000.0
63,16,16.15,1.86,0.0,4,4,0,35.17,0,10000.0
63,17,16.71,1.95,0.0,4,4,0,34.1,0,10000.0
63,18,17.1,1.97,0.0,4,4,0,32.33,0,10000.0
64,0,15.5,1.98,0.0,3,3,0,37.48,1,6186.2
64,1,15.21,2.47,0.2,3,3,0,37.58,1,5504.3
64,2,15.24,1.99,0.34,3,3,0,37.78,1,5426.7
64,3,15.81,2.63,0.47,4,4,0,38.08,1,5629.0
64,4,16.71,2.72,0.04,5,5,0,38.48,1,5326.9
64,5,17.18,2.88,0.69,6,6,0,38.98,1,4989.0
64,6,17.9,2.61,0.7,6,6,0,39.58,1,5251.5
64,7,19.29,3.09,0.99,6,6,0,40.28,1,4689.6
64,8,19.97,3.2,0.85,6,6,0,41.08,1,5279.0
64,9,21.06,3.27,0.91,6,6,0,41.98,1,4854.2
64,10,21.87,3.19,1.37,6,7,0,42.98,1,4638.5
64,11,22.64,3.19,1.52,6,7,0,44.08,1,4248.3
64,12,23.05,3.41,1.02,7,8,0,45.28,1,4251.8
64,13,23.75,3.43,1.6,7,8,0,46.58,1,3698.1
64,14,24.88,3.51,1.55,7,8,0,47.98,1,3696.9
64,15,26.21,4.22,1.66,8,9,0,49.48,1,4273.4
64,16,26.93,4.82,1.91,9,10,0,51.08,1,3824.2
64,17,28.31,5.94,1.93,9,10,0,52.78,1,3606.9
64,18,29.41,6.66,2.04,10,11,0,54.58,1,3070.3
64,19,31.86,7.87,1.81,10,11,0,56.48,1,3415.4
65,0,7.67,0.12,0.64,5,5,0,41.38,1,4000.0
65,1,6.72,-0.48,0.31,6,6,0,41.39,1,3900.0
65,2,7.19,0.2,0.0,9,9,0,41.46,1,3800.0
65,3,7.03,1.08,0.0,10,10,0,41.59,1,3700.0
65,4,8.23,1.67,1.17,11,11,0,41.81,1,3600.0
65,5,8.8,1.74,0.61,13,13,0,42.14,1,3500.0
65,6,8.83,1.15,0.73,16,16,0,42.6,1,3400.0
65,7,8.91,1.28,1.21,19,19,0,43.2,1,3300.0
65,8,9.7,1.95,1.24,21,21,0,43.97,1,3200.0
65,9,8.57,2.85,2.06,23,23,0,44.92,1,3100.0
65,10,9.79,3.62,2.3,25,25,0,46.07,1,3000.0
65,11,11.27,4.09,2.67,28,28,0,47.43,1,2900.0
65,12,12.09,5.71,3.98,30,30,0,49.03,2,1163.5
65,13,12.82,5.98,4.68,32,33,0,50.87,2,976.0
65,14,15.95,7.95,4.04,36,37,0,52.97,2,942.0
65,15,19.03,9.94,4.42,41,42,0,55.36,2,899.4
65,16,21.78,12.65,5.74,44,45,1,58.03,2,774.5
65,17,24.14,15.08,6.38,47,48,1,61.02,2,800.5
65,18,27.98,17.27,6.94,51,53,1,64.33,2,613.6
65,19,32.44,20.35,7.92,56,58,2,67.98,2,400.0
66,0,12.96,1.34,0.0,0,0,0,21.85,1,5961.4
66,1,13.43,1.07,0.0,0,0,0,21.92,1,5997.1
66,2,14.48,1.46,0.57,0,0,0,22.07,1,5952.7
66,3,14.5,1.65,0.09,0,0,0,22.29,1,5396.4
66,4,14.56,1.09,0.47,0,0,0,22.59,1,5417.4
66,5,14.65,0.99,0.41,0,0,0,22.96,1,4966.0
66,6,15.28,1.29,0.83,0,0,0,23.4,1,4597.8
66,7,15.0,1.58,0.71,1,1,0,23.92,1,5072.9
66,8,14.36,1.5,0.27,2,2,0,24.51,1,4412.9
66,9,16.19,1.38,0.66,2,2,0,25.18,1,4604.6
66,10,15.84,1.42,0.82,2,2,0,25.92,1,4841.0
66,11,14.74,1.14,0.89,2,2,0,26.74,1,4383.7
66,12,15.04,1.7,1.16,2,2,0,27.63,1,4500.2
66,13,16.54,1.82,0.7,3,3,0,28.59,1,4115.6
66,14,17.17,2.33,0.83,3,4,0,29.63,1,4285.3
66,15,18.69,2.62,1.36,3,4,0,30.74,1,4064.8
66,16,20.07,2.99,1.45,4,5,0,31.92,1,3354.3
66,17,21.26,3.28,1.19,5,6,0,33.18,1,2933.4
66,18,22.93,4.09,1.25,5,6,0,34.51,1,3272.2
66,19,24.35,4.8,1.83,5,6,0,35.92,1,3093.8
66,20,25.09,5.33,1.55,6,7,0,37.4,1,2881.7
66,21,25.6,5.55,1.87,6,7,0,38.96,1,2693.2
66,22,26.96,6.28,1.46,7,8,0,40.59,1,2522.7
66,23,28.27,6.7,1.89,7,8,0,42.29,1,2615.4
66,24,30.24,7.37,2.07,7,8,0,44.07,1,2500.0
66,25,32.2,8.0,1.96,7,8,0,45.92,1,2534.5
66,26,33.78,8.7,2.4,7,8,0,47.85,1,2500.0
67,0,10.59,1.92,0.18,5,5,0,39.85,1,5836.6
67,1,10.6,1.81,0.27,5,5,0,39.93,1,5820.8
67,2,9.75,2.1,0.33,6,6,0,40.09,1,5583.4
67,3,10.04,2.49,0.06,7,7,0,40.33,1,5559.9
67,4,10.83,2.91,0.51,7,7,0,40.65,1,5622.3
67,5,10.23,3.36,0.5,7,7,0,41.05,1,5252.1
67,6,8.83,3.73,0.52,7,7,0,41.53,1,5206.9
67,7,9.03,4.13,0.53,7,7,0,42.09,1,4793.4
67,8,9.98,3.83,0.69,7,7,0,42.73,1,4936.7
67,9,9.99,3.6,1.11,7,7,0,43.45,1,4747.3
67,10,11.24,4.01,1.23,7,7,0,44.25,1,4120.4
67,11,11.72,4.45,0.96,7,7,0,45.13,1,4037.5
67,12,12.1,4.65,0.94,7,7,0,46.09,1,4259.2
67,13,13.22,5.4,1.2,7,8,0,47.13,1,4021.2
67,14,13.08,6.33,1.11,8,9,0,48.25,1,3828.3
67,15,13.14,6.88,1.26,8,9,0,49.45,1,3797.0
67,16,14.46,7.91,1.21,8,9,0,50.73,1,3827.9
67,17,15.01,9.23,1.47,8,9,0,52.09,1,3147.1
67,18,15.19,10.09,1.31,8,9,0,53.53,1,3332.8
67,19,15.92,10.55,1.92,8,9,0,55.05,1,3057.6
67,20,17.11,11.32,1.76,8,9,0,56.65,1,2972.0
67,21,18.05,12.07,1.78,8,9,0,58.33,1,2936.6
67,22,18.54,12.77,1.84,8,9,0,60.09,1,2811.5
67,23,20.35,13.57,2.01,8,9,0,61.93,1,2500.0
67,24,21.32,14.29,1.53,8,9,0,63.85,1,2553.0
68,0,14.79,1.79,0.0,5,5,0,32.68,0,10000.0
68,1,15.4,1.79,0.0,5,5,0,34.3,0,10000.0
68,2,15.15,2.0,0.0,5,5,0,33.95,0,10000.0
68,3,14.96,2.18,0.0,5,5,0,32.29,0,10000.0
68,4,14.61,2.18,0.0,5,5,0,33.85,0,10000.0
68,5,14.53,2.08,0.0,5,5,0,32.99,0,10000.0
68,6,14.54,1.71,0.0,5,5,0,32.28,0,10000.0
68,7,14.72,2.02,0.0,5,5,0,31.57,0,10000.0
68,8,15.4,2.01,0.0,5,5,0,33.83,0,10000.0
68,9,15.87,1.91,0.0,5,5,0,34.14,0,10000.0
68,10,15.98,2.1,0.0,5,5,0,34.08,0,10000.0
68,11,16.54,2.39,0.0,5,5,0,36.56,0,10000.0
68,12,16.66,2.52,0.0,5,5,0,36.3,0,10000.0
68,13,17.91,2.7,0.0,5,5,0,37.11,0,10000.0
68,14,18.27,2.88,0.0,5,5,0,36.41,0,10000.0
68,15,18.69,3.21,0.0,5,5,0,38.14,0,10000.0
68,16,17.91,2.82,0.0,5,5,0,38.75,0,10000.0
68,17,17.41,3.16,0.0,5,5,0,38.39,0,10000.0
68,18,16.77,3.02,0.0,5,5,0,39.82,0,10000.0
68,19,16.65,2.44,0.0,5,5,0,40.74,0,10000.0
68,20,16.48,2.4,0.0,5,5,0,39.72,0,10000.0
68,21,16.18,2.38,0.0,5,5,0,37.59,0,10000.0
68,22,15.44,2.45,0.0,5,5,0,38.44,0,10000.0
68,23,15.54,2.2,0.0,5,5,0,38.29,0,10000.0
68,24,15.76,1.8,0.0,5,5,0,36.22,0,10000.0
68,25,16.36,1.75,0.0,5,5,0,37.95,0,10000.0
68,26,16.42,1.8,0.0,5,5,0,39.61,0,10000.0
68,27,15.97,1.55,0.0,5,5,0,40.88,0,10000.0
68,28,15.89,1.58,0.0,5,5,0,38.74,0,10000.0
68,29,15.56,1.2,0.0,5,5,0,39.41,0,10000.0
69,0,14.68,1.58,0.0,3,3,0,43.64,1,4000.0
69,1,16.25,2.16,0.0,4,4,0,43.66,1,3900.0
69,2,16.39,1.55,0.4,7,7,0,43.71,1,3800.0
69,3,15.65,0.7,0.0,8,8,0,43.81,1,3700.0
69,4,15.6,1.57,0.35,9,9,0,43.98,1,3600.0
69,5,14.69,2.2,0.65,10,10,0,44.24,1,3500.0
69,6,14.53,2.66,0.82,11,11,0,44.59,1,3400.0
69,7,15.22,3.29,1.7,12,12,0,45.06,1,3300.0
69,8,13.88,3.79,1.55,13,13,0,45.66,1,3200.0
69,9,13.52,3.41,2.31,14,14,0,46.4,1,3100.0
69,10,15.98,4.43,2.67,16,16,0,47.29,1,3000.0
69,11,17.92,5.15,2.04,17,17,0,48.35,1,2900.0
69,12,19.87,6.54,1.66,21,21,0,49.59,1,2800.0
69,13,21.88,7.65,4.24,23,23,0,51.03,2,888.6
69,14,24.02,9.11,4.16,26,27,0,52.66,2,856.3
69,15,25.75,8.81,3.59,29,30,0,54.52,2,969.0
69,16,28.83,10.7,3.76,33,34,0,56.6,2,837.6
69,17,31.82,10.8,4.87,37,38,0,58.92,2,605.2
69,18,35.93,11.78,5.32,42,43,1,61.49,2,714.6
69,19,37.26,13.74,5.64,46,47,1,64.33,2,498.6
69,20,41.21,15.85,6.68,50,51,1,67.44,2,423.9
69,21,46.33,17.6,7.44,55,57,1,70.83,2,400.0
69,22,51.21,20.66,7.9,61,63,2,74.53,2,400.0
70,0,12.89,0.61,0.0,2,2,0,33.65,1,6194.4
70,1,13.73,0.84,0.07,2,2,0,33.72,1,5866.5
70,2,14.66,0.88,0.27,2,2,0,33.86,1,5228.4
70,3,15.39,0.98,0.28,3,3,0,34.06,1,5352.8
70,4,16.99,0.76,0.13,3,3,0,34.34,1,5306.9
70,5,16.84,1.02,0.38,3,3,0,34.69,1,5362.2
70,6,17.08,1.46,0.54,4,4,0,35.1,1,4885.8
70,7,18.67,1.89,0.63,4,4,0,35.58,1,5184.7
70,8,19.25,2.46,0.84,4,4,0,36.13,1,4422.5
70,9,20.38,2.82,0.72,5,5,0,36.75,1,4372.8
70,10,21.32,2.88,0.76,5,5,0,37.44,1,4801.9
70,11,21.95,3.2,0.92,5,5,0,38.2,1,4385.6
70,12,22.66,2.79,0.89,5,5,0,39.03,1,4236.6
70,13,23.92,3.5,1.04,5,5,0,39.93,1,4417.2
70,14,24.41,3.98,1.19,5,5,0,40.89,1,4052.0
70,15,24.74,4.55,1.25,5,6,0,41.93,1,3468.9
70,16,25.52,4.98,1.22,5,6,0,43.03,1,3282.6
70,17,27.45,5.44,1.39,5,6,0,44.2,1,3656.3
70,18,26.81,5.45,1.21,5,6,0,45.44,1,3520.7
70,19,27.52,6.09,1.73,6,7,0,46.75,1,3146.6
70,20,28.48,6.62,1.69,6,7,0,48.13,1,2500.0
70,21,30.18,7.06,1.78,6,7,0,49.58,1,2945.8
70,22,31.24,7.29,1.61,6,7,0,51.1,1,2899.5
70,23,33.52,8.28,1.77,6,7,0,52.69,1,2936.6
70,24,34.9,8.49,1.92,6,7,0,54.34,1,2547.5
70,25,36.44,8.91,2.23,6,7,0,56.06,1,2500.0
70,26,37.44,9.79,2.5,6,7,0,57.86,1,2500.0
70,27,38.74,10.41,1.65,6,7,0,59.72,1,2500.0
70,28,40.57,11.18,2.25,7,8,0,61.65,1,2500.0
71,0,15.19,0.41,0.0,2,2,0,23.16,0,10000.0
71,1,15.68,0.2,0.0,2,2,0,21.38,0,10000.0
71,2,15.95,0.23,0.0,2,2,0,20.46,0,10000.0
71,3,14.74,0.27,0.0,2,2,0,18.26,0,10000.0
71,4,14.34,0.28,0.0,2,2,0,18.83,0,10000.0
71,5,13.6,0.44,0.0,2,2,0,22.38,0,10000.0
71,6,13.39,0.29,0.0,2,2,0,20.47,0,10000.0
71,7,13.19,0.3,0.0,2,2,0,21.71,0,10000.0
71,8,13.65,0.24,0.0,2,2,0,22.03,0,10000.0
71,9,13.5,0.42,0.0,2,2,0,22.14,0,10000.0
71,10,13.26,0.4,0.0,2,2,0,21.66,0,10000.0
71,11,12.53,0.4,0.0,2,2,0,18.0,0,10000.0
71,12,11.46,0.47,0.0,2,2,0,19.61,0,10000.0
71,13,11.86,0.5,0.0,2,2,0,20.01,0,10000.0
71,14,12.05,0.61,0.0,2,2,0,19.3,0,10000.0
71,15,12.96,0.42,0.0,2,2,0,18.73,0,10000.0
71,16,12.8,0.46,0.0,2,2,0,15.13,0,10000.0
72,0,14.59,2.22,0.0,4,4,0,19.98,0,10000.0
72,1,14.39,2.31,0.0,4,4,0,19.77,0,10000.0
72,2,14.15,2.29,0.0,4,4,0,19.74,0,10000.0
72,3,13.56,2.12,0.0,4,4,0,19.55,0,10000.0
72,4,13.26,2.21,0.0,4,4,0,20.22,0,10000.0
72,5,13.0,1.94,0.1,4,4,0,19.86,0,10000.0
72,6,13.02,1.98,0.0,4,4,0,19.32,0,10000.0
72,7,12.7,2.1,0.0,4,4,0,19.6,0,10000.0
72,8,12.88,2.07,0.0,4,4,0,21.0,0,10000.0
72,9,13.26,2.23,0.0,4,4,0,24.45,0,10000.0
72,10,12.67,2.21,0.0,4,4,0,25.74,0,10000.0
72,11,11.74,2.15,0.0,4,4,0,27.5,0,10000.0
72,12,11.21,2.0,0.0,4,4,0,28.7,0,10000.0
72,13,10.57,1.63,0.0,4,4,0,29.72,0,10000.0
72,14,10.13,1.72,0.0,4,4,0,29.66,0,10000.0
72,15,9.36,1.72,0.1,4,4,0,30.38,0,10000.0
72,16,9.13,1.55,0.0,4,4,0,30.12,0,10000.0
72,17,10.09,1.25,0.0,4,4,0,31.24,0,10000.0
72,18,9.51,0.96,0.0,4,4,0,32.12,0,10000.0
72,19,9.41,1.04,0.0,5,5,0,31.86,0,10000.0
72,20,9.85,0.87,0.0,6,6,0,31.61,0,10000.0
72,21,10.11,0.75,0.0,6,6,0,32.51,0,10000.0
72,22,9.8,0.68,0.0,6,6,0,33.39,0,10000.0
72,23,9.93,0.9,0.0,6,6,0,32.76,0,10000.0
72,24,9.91,0.68,0.0,6,6,0,33.05,0,10000.0
72,25,10.25,0.65,0.0,6,6,0,32.78,0,10000.0
72,26,10.18,0.2,0.0,6,6,0,33.95,0,10000.0
72,27,10.91,0.23,0.0,6,6,0,35.97,0,10000.0
73,0,9.93,1.99,0.0,1,1,0,32.67,0,10000.0
73,1,10.12,1.73,0.0,1,1,0,31.92,0,10000.0
73,2,9.55,1.85,0.0,1,1,0,30.71,0,10000.0
73,3,9.56,1.84,0.0,1,1,0,30.71,0,10000.0
73,4,9.37,1.78,0.0,1,1,0,31.59,0,10000.0
73,5,10.03,2.17,0.0,1,1,0,30.57,0,10000.0
73,6,10.26,2.25,0.0,1,1,0,31.11,0,10000.0
73,7,10.22,2.04,0.0,1,1,0,30.02,0,10000.0
73,8,9.67,1.97,0.0,1,1,0,29.28,0,10000.0
73,9,9.98,2.1,0.0,1,1,0,28.55,0,10000.0
73,10,9.9,1.93,0.0,1,1,0,29.55,0,10000.0
73,11,9.75,2.1,0.0,1,1,0,28.2,0,10000.0
73,12,9.46,2.2,0.0,1,1,0,27.56,0,10000.0
73,13,9.22,2.03,0.0,1,1,0,25.74,0,10000.0
73,14,9.6,1.91,0.0,1,1,0,23.7,0,10000.0
73,15,9.93,1.48,0.0,1,1,0,25.76,0,10000.0
73,16,9.38,1.24,0.0,1,1,0,26.38,0,10000.0
73,17,9.74,1.17,0.0,1,1,0,25.48,0,10000.0
73,18,11.01,0.81,0.0,1,1,0,28.23,0,10000.0
74,0,14.25,1.59,0.0,0,0,0,19.7,0,10000.0
74,1,14.32,1.51,0.0,0,0,0,19.06,0,10000.0
74,2,14.15,1.49,0.0,1,1,0,19.19,0,10000.0
74,3,14.05,1.55,0.0,1,1,0,21.22,0,10000.0
74,4,13.16,1.93,0.0,1,1,0,18.83,0,10000.0
74,5,12.87,2.0,0.0,1,1,0,20.09,0,10000.0
74,6,13.81,2.04,0.0,1,1,0,16.87,0,10000.0
74,7,13.58,1.66,0.0,1,1,0,16.03,0,10000.0
74,8,13.56,1.67,0.0,1,1,0,16.96,0,10000.0
74,9,13.94,1.8,0.0,1,1,0,17.88,0,10000.0
74,10,13.66,1.55,0.0,1,1,0,18.73,0,10000.0
74,11,13.67,1.59,0.0,1,1,0,19.55,0,10000.0
74,12,13.25,1.74,0.0,1,1,0,19.08,0,10000.0
74,13,12.59,1.97,0.0,1,1,0,17.56,0,10000.0
74,14,12.26,1.87,0.0,1,1,0,17.37,0,10000.0
74,15,12.18,1.68,0.0,1,1,0,17.95,0,10000.0
74,16,11.07,1.43,0.0,1,1,0,13.84,0,10000.0
74,17,11.4,1.67,0.0,1,1,0,12.54,0,10000.0
74,18,11.51,1.83,0.0,1,1,0,14.04,0,10000.0
75,0,13.28,2.21,0.0,4,4,0,41.8,1,5649.8
75,1,13.46,2.19,0.19,4,4,0,41.91,1,6036.3
75,2,12.22,2.06,0.21,4,4,0,42.12,1,5704.9
75,3,12.02,1.82,0.29,4,4,0,42.44,1,5806.3
75,4,12.33,2.45,0.33,5,5,0,42.86,1,5880.8
75,5,12.83,2.78,0.54,5,5,0,43.38,1,5423.8
75,6,13.91,2.88,0.92,5,5,0,44.01,1,4810.6
75,7,14.72,3.38,0.84,6,6,0,44.75,1,5792.2
75,8,15.36,3.89,0.97,7,7,0,45.59,1,4553.3
75,9,16.68,4.28,0.94,8,8,0,46.54,1,4572.1
75,10,16.84,5.22,1.08,8,9,0,47.59,1,4007.6
75,11,17.97,5.59,1.0,8,9,0,48.75,1,4391.5
75,12,20.06,6.4,1.11,8,9,0,50.01,1,4400.5
75,13,20.88,6.65,1.29,8,9,0,51.38,1,4127.9
75,14,21.68,7.29,1.42,8,9,0,52.86,1,3929.3
75,15,23.73,8.03,1.66,8,9,0,54.44,1,3710.7
75,16,24.96,8.53,1.4,8,9,0,56.12,1,3558.9
75,17,26.22,9.74,1.73,8,9,0,57.91,1,3371.6
75,18,27.27,10.48,2.3,8,9,0,59.8,1,3205.8
76,0,14.47,1.84,0.33,2,2,0,42.03,1,5956.1
76,1,15.22,1.89,0.43,2,2,0,42.1,1,5847.6
76,2,16.16,1.63,0.16,2,2,0,42.24,1,5816.5
76,3,15.86,2.03,0.31,2,2,0,42.45,1,5563.4
76,4,15.63,1.96,0.02,2,2,0,42.72,1,5719.9
76,5,16.46,2.05,0.3,2,2,0,43.07,1,5204.3
76,6,16.84,2.42,0.1,3,3,0,43.48,1,5426.9
76,7,17.73,2.44,0.6,4,4,0,43.97,1,5000.4
76,8,16.69,2.5,0.85,5,5,0,44.52,1,4864.8
76,9,17.02,2.46,0.53,5,5,0,45.14,1,4615.0
76,10,17.51,2.94,0.64,5,5,0,45.83,1,4838.2
76,11,18.25,3.57,0.91,6,6,0,46.59,1,4479.0
76,12,18.82,3.38,0.74,6,6,0,47.41,1,4198.2
76,13,19.55,3.11,1.1,6,6,0,48.31,1,4104.7
76,14,20.59,2.79,1.12,6,6,0,49.28,1,3974.2
76,15,21.76,3.57,1.16,6,7,0,50.31,1,3599.8
76,16,23.26,4.45,1.18,6,7,0,51.41,1,3443.4
76,17,24.47,4.99,1.26,6,7,0,52.59,1,3649.9
76,18,25.49,5.12,1.16,6,7,0,53.83,1,3210.3
76,19,25.36,5.23,1.37,6,7,0,55.14,1,3171.5
76,20,27.46,5.61,1.45,6,7,0,56.52,1,2726.7
76,21,28.53,6.59,1.46,6,7,0,57.97,1,3145.6
76,22,30.09,7.34,1.69,7,8,0,59.48,1,2633.9
76,23,31.07,8.4,1.97,7,8,0,61.07,1,2931.3
76,24,31.58,8.7,1.8,7,8,0,62.72,1,2582.2
76,25,34.14,9.6,1.92,7,8,0,64.45,1,2500.0
76,26,34.3,10.42,1.94,7,8,0,66.24,1,2500.0
76,27,34.93,11.34,2.31,8,9,0,68.1,1,2500.0
76,28,36.36,12.34,2.2,8,9,0,70.03,1,2500.0
77,0,14.85,2.69,0.06,6,6,0,22.68,1,4000.0
77,1,15.76,2.8,0.0,8,8,0,22.69,1,3900.0
77,2,16.6,2.4,0.09,11,11,0,22.74,1,3800.0
77,3,14.72,2.8,0.0,14,14,0,22.84,1,3700.0
77,4,17.31,2.99,1.17,17,17,0,23.02,1,3600.0
77,5,17.74,3.25,0.65,18,18,0,23.27,1,3500.0
77,6,16.01,3.76,0.37,20,20,0,23.63,1,3400.0
77,7,17.62,4.15,1.31,23,23,0,24.1,1,3300.0
77,8,19.47,4.8,1.21,24,24,0,24.7,1,3200.0
77,9,19.76,5.01,1.36,27,27,0,25.43,1,3100.0
77,10,21.88,5.64,1.79,28,28,0,26.33,1,3000.0
77,11,24.53,6.9,2.61,30,30,0,27.39,1,2900.0
77,12,25.99,8.61,2.47,34,34,0,28.63,1,2800.0
77,13,26.1,9.86,3.11,36,36,0,30.06,2,1101.2
77,14,27.64,10.23,3.47,40,41,0,31.7,2,988.7
77,15,29.58,11.69,4.09,42,43,0,33.55,2,1094.3
77,16,33.68,12.25,4.93,44,45,0,35.63,2,627.8
77,17,35.94,14.37,4.93,48,49,0,37.95,2,705.2
77,18,39.43,16.44,6.41,52,53,1,40.53,2,538.4
77,19,43.13,17.66,5.99,55,56,1,43.36,2,621.7
77,20,46.17,19.29,6.41,58,59,1,46.47,2,400.0
77,21,51.17,21.66,7.43,62,64,1,49.87,2,400.0
77,22,55.81,24.34,8.25,66,68,2,53.56,2,400.0
78,0,11.54,2.17,0.29,5,5,0,30.72,1,6021.0
78,1,11.39,1.96,0.05,5,5,0,30.84,1,5965.1
78,2,11.24,1.44,0.1,6,6,0,31.07,1,5538.0
78,3,11.46,1.51,0.51,6,6,0,31.42,1,5522.4
78,4,12.03,1.67,0.64,7,7,0,31.9,1,5437.8
78,5,12.47,1.71,0.69,8,8,0,32.48,1,5364.3
78,6,12.79,2.22,0.96,9,9,0,33.19,1,5174.6
78,7,13.95,2.26,0.86,9,9,0,34.01,1,4904.0
78,8,14.34,2.76,1.05,9,9,0,34.95,1,5035.5
78,9,15.18,2.9,1.23,9,10,0,36.01,1,4663.6
78,10,15.21,3.29,1.44,10,11,0,37.19,1,4600.8
78,11,15.91,3.71,1.44,10,11,0,38.48,1,4147.4
78,12,16.84,3.89,1.59,10,11,0,39.9,1,4626.0
78,13,18.5,4.47,1.58,10,11,0,41.42,1,3913.1
78,14,20.34,4.87,1.6,11,12,0,43.07,1,4027.6
78,15,21.75,5.54,1.9,11,12,0,44.84,1,3858.7
78,16,23.13,6.38,2.34,12,13,0,46.72,1,3812.8
79,0,14.84,2.58,0.36,4,4,0,31.44,1,5980.9
79,1,15.2,2.29,0.08,4,4,0,31.56,1,5964.9
79,2,15.02,1.89,0.18,4,4,0,31.81,1,6048.5
79,3,14.28,1.87,0.54,5,5,0,32.19,1,5541.8
79,4,14.89,2.37,0.71,5,5,0,32.69,1,5502.2
79,5,15.23,2.98,0.58,5,5,0,33.31,1,5268.3
79,6,15.42,3.18,0.86,5,5,0,34.06,1,5352.7
79,7,16.16,3.98,0.81,5,5,0,34.94,1,5017.6
79,8,17.8,4.18,1.33,5,6,0,35.94,1,4928.4
79,9,19.71,4.68,1.29,5,6,0,37.06,1,4763.4
79,10,20.58,5.39,1.51,6,7,0,38.31,1,4342.4
79,11,21.91,6.29,1.31,6,7,0,39.69,1,4669.4
79,12,22.63,6.88,1.63,6,7,0,41.19,1,4522.2
79,13,24.03,7.86,1.79,7,8,0,42.81,1,3845.3
79,14,25.67,8.83,2.07,7,8,0,44.56,1,3809.3
79,15,25.75,9.17,2.21,7,8,0,46.44,1,3775.9
80,0,7.57,-0.0,0.18,2,2,0,24.2,1,4000.0
80,1,7.12,-0.59,0.0,5,5,0,24.23,1,3900.0
80,2,7.55,-0.88,0.0,8,8,0,24.31,1,3800.0
80,3,7.34,-0.66,0.73,10,10,0,24.49,1,3700.0
80,4,7.64,-0.15,0.62,11,11,0,24.79,1,3600.0
80,5,8.5,0.37,1.02,13,13,0,25.23,1,3500.0
80,6,9.17,0.62,1.6,15,15,0,25.84,1,3400.0
80,7,9.45,1.77,2.06,16,16,0,26.65,1,3300.0
80,8,11.06,1.85,1.69,19,19,0,27.68,1,3200.0
80,9,12.89,2.8,2.53,22,22,0,28.95,1,3100.0
80,10,15.68,4.41,3.01,25,25,0,30.49,2,1313.9
80,11,17.08,5.39,4.08,28,29,0,32.32,2,1127.7
80,12,18.05,5.89,4.71,32,33,0,34.46,2,977.5
80,13,19.19,7.52,5.82,36,37,1,36.93,2,1112.5
80,14,23.07,9.58,6.79,41,42,1,39.75,2,938.1
80,15,28.08,11.75,6.39,45,46,1,42.94,2,903.9
80,16,31.32,13.98,8.28,51,53,2,46.53,2,700.8
81,0,11.73,1.22,0.0,4,4,0,23.36,0,10000.0
81,1,11.44,0.97,0.0,4,4,0,25.46,0,10000.0
81,2,11.65,1.06,0.0,4,4,0,24.54,0,10000.0
81,3,11.84,0.88,0.0,4,4,0,25.52,0,10000.0
81,4,11.86,0.92,0.0,4,4,0,28.61,0,10000.0
81,5,11.74,0.78,0.0,4,4,0,29.86,0,10000.0
81,6,12.29,0.83,0.0,4,4,0,28.77,0,10000.0
81,7,12.02,1.04,0.0,4,4,0,28.04,0,10000.0
81,8,11.54,1.38,0.0,4,4,0,28.91,0,10000.0
81,9,11.4,1.5,0.0,4,4,0,29.71,0,10000.0
81,10,12.12,1.69,0.1,4,4,0,31.19,0,10000.0
81,11,12.3,1.61,0.0,4,4,0,33.1,0,10000.0
81,12,12.3,1.38,0.0,5,5,0,33.96,0,10000.0
81,13,12.76,1.04,0.0,5,5,0,36.28,0,10000.0
81,14,13.91,0.55,0.0,5,5,0,35.7,0,10000.0
81,15,13.49,0.82,0.0,5,5,0,36.84,0,10000.0
81,16,13.57,0.65,0.0,5,5,0,37.18,0,10000.0
81,17,13.23,0.47,0.0,5,5,0,34.37,0,10000.0
81,18,13.59,0.2,0.0,5,5,0,34.82,0,10000.0
81,19,13.17,0.27,0.0,5,5,0,34.96,0,10000.0
81,20,12.67,0.2,0.0,5,5,0,35.56,0,10000.0
81,21,12.31,0.2,0.0,5,5,0,35.31,0,10000.0
81,22,13.12,0.33,0.0,5,5,0,34.48,0,10000.0
81,23,12.73,0.4,0.0,5,5,0,31.88,0,10000.0
81,24,13.46,0.59,0.0,5,5,0,33.63,0,10000.0
82,0,11.67,2.23,0.0,1,1,0,42.56,0,10000.0
82,1,11.89,2.19,0.0,1,1,0,43.08,0,10000.0
82,2,11.77,1.93,0.0,1,1,0,42.83,0,10000.0
82,3,11.38,2.13,0.0,1,1,0,41.49,0,10000.0
82,4,10.21,2.17,0.0,1,1,0,42.6,0,10000.0
82,5,10.14,2.07,0.0,1,1,0,42.52,0,10000.0
82,6,10.36,1.98,0.0,1,1,0,42.42,0,10000.0
82,7,10.23,1.88,0.0,1,1,0,40.41,0,10000.0
82,8,11.39,1.67,0.0,1,1,0,38.56,0,10000.0
82,9,11.72,1.87,0.0,1,1,0,37.7,0,10000.0
82,10,11.93,2.41,0.0,1,1,0,39.19,0,10000.0
82,11,12.34,2.3,0.0,1,1,0,35.48,0,10000.0
82,12,12.48,2.18,0.0,1,1,0,36.95,0,10000.0
82,13,12.97,2.14,0.0,1,1,0,37.32,0,10000.0
82,14,12.71,2.58,0.0,1,1,0,39.68,0,10000.0
82,15,12.56,2.38,0.0,1,1,0,41.97,0,10000.0
82,16,12.68,2.43,0.0,1,1,0,40.7,0,10000.0
82,17,12.97,2.32,0.0,1,1,0,39.71,0,10000.0
83,0,9.64,0.84,0.23,7,7,0,34.26,1,4000.0
83,1,9.42,0.28,0.14,10,10,0,34.28,1,3900.0
83,2,8.39,-0.07,0.25,13,13,0,34.35,1,3800.0
83,3,6.79,-0.19,0.0,16,16,0,34.5,1,3700.0
83,4,5.31,-1.28,0.4,17,17,0,34.74,1,3600.0
83,5,6.3,-0.79,0.29,18,18,0,35.1,1,3500.0
83,6,6.88,0.23,1.21,19,19,0,35.6,1,3400.0
83,7,6.08,-0.07,0.96,21,21,0,36.26,1,3300.0
83,8,6.1,0.74,1.74,24,24,0,37.11,1,3200.0
83,9,7.54,1.17,2.4,26,26,0,38.15,1,3100.0
83,10,7.67,2.52,1.56,30,30,0,39.41,1,3000.0
83,11,8.95,3.11,3.82,33,33,0,40.91,2,1177.9
83,12,10.38,3.28,2.99,37,38,0,42.65,2,1050.4
83,13,12.94,3.65,3.61,40,41,0,44.67,2,861.0
83,14,15.72,5.7,5.41,45,46,0,46.98,2,924.2
83,15,19.11,7.73,6.26,50,51,1,49.6,2,850.3
83,16,23.91,11.1,6.06,53,54,1,52.53,2,677.4
83,17,28.63,12.93,6.75,57,59,1,55.81,2,740.9
83,18,32.81,14.16,8.28,61,63,2,59.44,2,507.8
84,0,8.34,2.2,0.0,2,2,0,27.62,1,4000.0
84,1,9.28,1.88,0.0,3,3,0,27.63,1,3900.0
84,2,8.7,2.17,0.46,4,4,0,27.68,1,3800.0
84,3,7.97,1.47,0.27,7,7,0,27.77,1,3700.0
84,4,5.52,1.81,1.5,9,9,0,27.93,1,3600.0
84,5,4.61,1.57,0.0,12,12,0,28.17,1,3500.0
84,6,3.49,1.78,0.5,14,14,0,28.5,1,3400.0
84,7,6.01,2.22,1.05,16,16,0,28.94,1,3300.0
84,8,7.04,3.22,1.09,18,18,0,29.49,1,3200.0
84,9,6.47,4.05,2.11,19,19,0,30.17,1,3100.0
84,10,7.38,4.56,2.37,22,22,0,31.0,1,3000.0
84,11,8.49,5.46,2.01,25,25,0,31.98,1,2900.0
84,12,11.28,6.17,2.53,27,27,0,33.13,1,2800.0
84,13,14.05,7.08,3.13,29,29,0,34.46,1,2700.0
84,14,13.91,7.72,3.24,32,32,0,35.97,2,1049.9
84,15,16.97,9.22,4.09,36,37,0,37.69,2,893.7
84,16,20.38,10.42,4.63,39,40,0,39.62,2,862.9
84,17,22.73,12.85,5.19,41,42,0,41.77,2,598.7
84,18,25.86,14.56,4.5,46,47,0,44.15,2,722.5
84,19,28.87,17.35,4.9,51,52,1,46.78,2,595.3
84,20,32.14,20.18,5.38,56,57,1,49.66,2,588.5
84,21,36.07,21.61,6.78,61,62,1,52.81,2,400.0
84,22,41.09,24.21,7.25,64,66,2,56.23,2,400.0
84,23,44.55,27.49,7.75,68,70,2,59.93,2,400.0
85,0,11.99,1.63,0.0,0,0,0,19.13,0,10000.0
85,1,12.04,1.58,0.0,0,0,0,18.78,0,10000.0
85,2,13.21,1.52,0.0,0,0,0,18.85,0,10000.0
85,3,11.58,1.75,0.0,0,0,0,20.06,0,10000.0
85,4,11.2,1.83,0.0,0,0,0,20.15,0,10000.0
85,5,11.04,1.69,0.0,0,0,0,19.96,0,10000.0
85,6,10.82,1.82,0.0,0,0,0,21.57,0,10000.0
85,7,11.32,1.83,0.0,0,0,0,20.56,0,10000.0
85,8,11.9,2.04,0.0,0,0,0,21.75,0,10000.0
85,9,12.26,2.24,0.0,0,0,0,23.35,0,10000.0
85,10,12.3,2.34,0.0,0,0,0,21.42,0,10000.0
85,11,13.45,2.15,0.0,0,0,0,23.74,0,10000.0
85,12,13.59,2.37,0.0,0,0,0,24.7,0,10000.0
85,13,13.2,2.59,0.0,0,0,0,26.02,0,10000.0
85,14,12.63,2.5,0.0,0,0,0,28.6,0,10000.0
86,0,8.14,1.27,0.0,5,5,0,23.75,0,10000.0
86,1,8.7,1.29,0.0,5,5,0,24.29,0,10000.0
86,2,7.61,1.44,0.0,5,5,0,23.78,0,10000.0
86,3,7.72,1.49,0.0,5,5,0,23.44,0,10000.0
86,4,6.66,1.47,0.0,5,5,0,22.06,0,10000.0
86,5,6.0,1.28,0.0,5,5,0,20.76,0,10000.0
86,6,6.39,1.34,0.0,5,5,0,19.86,0,10000.0
86,7,7.11,1.85,0.0,5,5,0,21.79,0,10000.0
86,8,7.43,2.05,0.0,6,6,0,24.83,0,10000.0
86,9,7.65,2.12,0.0,6,6,0,23.95,0,10000.0
86,10,7.5,1.95,0.0,6,6,0,23.7,0,10000.0
86,11,7.92,1.69,0.0,6,6,0,22.54,0,10000.0
86,12,7.49,1.87,0.0,6,6,0,22.43,0,10000.0
86,13,7.84,1.58,0.0,6,6,0,24.78,0,10000.0
86,14,7.54,1.66,0.0,6,6,0,24.14,0,10000.0
86,15,7.18,1.76,0.0,6,6,0,25.27,0,10000.0
86,16,7.08,1.59,0.0,6,6,0,24.85,0,10000.0
86,17,6.8,1.55,0.0,6,6,0,27.15,0,10000.0
86,18,6.47,1.15,0.0,6,6,0,30.49,0,10000.0
86,19,6.36,0.82,0.0,6,6,0,31.53,0,10000.0
86,20,6.0,1.34,0.1,6,6,0,28.96,0,10000.0
86,21,6.0,1.25,0.0,6,6,0,28.87,0,10000.0
86,22,6.0,1.28,0.0,6,6,0,27.43,0,10000.0
87,0,10.72,1.04,0.0,2,2,0,35.47,1,6088.3
87,1,11.01,0.85,0.2,2,2,0,35.55,1,5851.3
87,2,11.33,1.59,0.15,2,2,0,35.72,1,5476.2
87,3,10.91,1.62,0.46,3,3,0,35.97,1,5774.0
87,4,10.06,1.52,0.09,4,4,0,36.3,1,5203.8
87,5,9.15,1.36,0.04,4,4,0,36.72,1,5020.5
87,6,9.19,1.52,0.7,5,5,0,37.22,1,4955.0
87,7,9.35,1.88,0.67,5,5,0,37.8,1,4922.8
87,8,10.21,1.85,0.7,5,5,0,38.47,1,4839.2
87,9,10.81,2.11,0.66,5,5,0,39.22,1,4749.7
87,10,11.71,2.49,1.02,5,5,0,40.05,1,4282.4
87,11,13.15,2.58,0.99,5,5,0,40.97,1,4223.2
87,12,12.89,3.23,0.95,5,6,0,41.97,1,4109.2
87,13,13.65,4.23,1.1,5,6,0,43.05,1,3723.9
87,14,14.59,4.34,1.41,6,7,0,44.22,1,4298.8
87,15,15.75,4.76,1.45,6,7,0,45.47,1,3589.6
87,16,16.07,5.25,1.82,7,8,0,46.8,1,3802.6
87,17,16.43,5.11,1.31,8,9,0,48.22,1,3519.2
87,18,17.22,5.54,1.81,9,10,0,49.72,1,3401.7
87,19,17.83,5.73,1.58,10,11,0,51.3,1,3228.7
87,20,19.35,6.54,1.42,10,11,0,52.97,1,2605.9
87,21,20.28,7.44,1.96,10,11,0,54.72,1,2679.7
87,22,20.42,8.3,1.87,10,11,0,56.55,1,2909.0
87,23,21.31,9.64,1.77,11,12,0,58.47,1,2500.0
88,0,13.21,1.02,0.0,4,4,0,24.8,0,10000.0
88,1,14.5,1.14,0.0,4,4,0,25.75,0,10000.0
88,2,14.8,1.1,0.0,4,4,0,26.29,0,10000.0
88,3,14.86,1.46,0.0,4,4,0,21.21,0,10000.0
88,4,15.73,1.67,0.0,4,4,0,23.07,0,10000.0
88,5,15.6,1.86,0.0,4,4,0,22.81,0,10000.0
88,6,15.2,2.24,0.0,4,4,0,22.93,0,10000.0
88,7,15.69,2.28,0.0,4,4,0,23.66,0,10000.0
88,8,15.87,2.55,0.0,5,5,0,21.76,0,10000.0
88,9,15.77,2.62,0.0,5,5,0,20.24,0,10000.0
88,10,14.82,2.56,0.0,5,5,0,18.02,0,10000.0
88,11,14.37,2.69,0.0,5,5,0,19.55,0,10000.0
88,12,13.43,2.41,0.0,5,5,0,19.95,0,10000.0
88,13,12.62,2.25,0.0,5,5,0,21.0,0,10000.0
88,14,13.06,2.25,0.0,6,6,0,19.75,0,10000.0
88,15,13.03,2.53,0.0,6,6,0,18.27,0,10000.0
88,16,12.51,2.57,0.0,6,6,0,20.26,0,10000.0
88,17,12.49,2.56,0.0,6,6,0,22.04,0,10000.0
88,18,12.81,2.59,0.0,6,6,0,19.15,0,10000.0
88,19,12.69,2.73,0.0,6,6,0,19.85,0,10000.0
88,20,13.0,2.45,0.0,6,6,0,20.9,0,10000.0
89,0,8.46,1.6,0.0,6,6,0,36.42,1,4000.0
89,1,8.18,1.51,0.0,8,8,0,36.44,1,3900.0
89,2,8.12,1.54,0.0,11,11,0,36.5,1,3800.0
89,3,10.42,2.02,0.13,12,12,0,36.62,1,3700.0
89,4,11.58,2.55,0.57,15,15,0,36.82,1,3600.0
89,5,13.16,1.97,1.22,16,16,0,37.12,1,3500.0
89,6,13.19,1.92,0.79,17,17,0,37.54,1,3400.0
89,7,13.19,2.3,0.81,18,18,0,38.09,1,3300.0
89,8,14.09,1.62,1.57,20,20,0,38.8,1,3200.0
89,9,15.8,2.41,1.66,22,22,0,39.67,1,3100.0
89,10,17.18,3.12,2.51,24,24,0,40.72,1,3000.0
89,11,19.62,5.03,2.5,28,28,0,41.97,1,2900.0
89,12,21.2,5.83,3.24,31,31,0,43.43,2,1355.9
89,13,22.36,7.52,4.17,33,34,0,45.12,2,892.5
89,14,25.51,8.72,3.95,36,37,0,47.05,2,778.6
89,15,27.59,10.37,4.8,40,41,0,49.23,2,896.0
89,16,30.85,11.4,4.56,44,45,1,51.68,2,796.7
89,17,33.14,13.22,5.5,47,48,1,54.41,2,633.7
89,18,37.31,15.93,6.08,52,53,1,57.45,2,632.8
89,19,39.97,18.77,6.95,57,59,1,60.79,2,651.8
89,20,44.43,20.65,8.13,62,64,2,64.45,2,434.8
90,0,13.19,1.11,0.21,6,6,0,29.78,1,4000.0
90,1,12.82,1.09,0.29,7,7,0,29.8,1,3900.0
90,2,14.26,1.33,0.29,10,10,0,29.86,1,3800.0
90,3,13.28,1.06,0.0,12,12,0,29.98,1,3700.0
90,4,13.19,2.12,0.0,15,15,0,30.18,1,3600.0
90,5,12.86,2.54,0.24,18,18,0,30.48,1,3500.0
90,6,11.96,3.01,0.3,21,21,0,30.9,1,3400.0
90,7,11.09,3.55,1.62,22,22,0,31.46,1,3300.0
90,8,12.54,4.18,1.86,25,25,0,32.16,1,3200.0
90,9,12.94,4.9,1.88,26,26,0,33.03,1,3100.0
90,10,13.06,6.12,2.68,28,28,0,34.08,1,3000.0
90,11,15.02,6.29,3.05,31,31,0,35.33,1,2900.0
90,12,16.96,7.4,4.01,33,33,0,36.79,2,1025.3
90,13,19.56,7.7,3.7,36,37,0,38.48,2,1163.0
90,14,22.44,8.85,4.01,38,39,0,40.41,2,987.0
90,15,24.41,9.8,4.52,41,42,0,42.59,2,931.2
90,16,28.29,12.85,4.34,44,45,1,45.04,2,773.7
90,17,32.14,14.16,6.22,48,49,1,47.78,2,704.9
90,18,35.49,16.51,6.44,52,53,1,50.81,2,507.0
90,19,40.23,18.43,7.44,56,58,1,54.15,2,510.7
90,20,45.22,20.99,8.04,60,62,2,57.81,2,400.0
91,0,14.17,2.1,0.0,4,4,0,38.39,0,10000.0
91,1,14.12,1.92,0.0,4,4,0,37.74,0,10000.0
91,2,15.22,1.97,0.0,4,4,0,40.43,0,10000.0
91,3,15.42,2.08,0.0,4,4,0,40.66,0,10000.0
91,4,15.77,2.33,0.0,4,4,0,42.4,0,10000.0
91,5,15.02,2.4,0.0,4,4,0,43.05,0,10000.0
91,6,15.18,2.37,0.0,4,4,0,42.78,0,10000.0
91,7,14.94,2.04,0.0,4,4,0,41.18,0,10000.0
91,8,14.88,1.83,0.0,4,4,0,41.29,0,10000.0
91,9,14.36,2.08,0.0,4,4,0,41.15,0,10000.0
91,10,13.79,2.01,0.0,4,4,0,41.24,0,10000.0
91,11,14.01,1.84,0.0,4,4,0,41.56,0,10000.0
91,12,15.19,1.44,0.0,4,4,0,41.24,0,10000.0
91,13,15.3,1.38,0.0,5,5,0,44.42,0,10000.0
91,14,15.07,1.44,0.0,5,5,0,45.73,0,10000.0
91,15,14.99,1.69,0.0,5,5,0,46.96,0,10000.0
91,16,14.92,1.47,0.0,5,5,0,46.78,0,10000.0
91,17,14.65,1.7,0.0,5,5,0,44.83,0,10000.0
91,18,14.36,1.23,0.0,5,5,0,44.71,0,10000.0
91,19,14.35,1.58,0.0,5,5,0,44.81,0,10000.0
91,20,14.56,1.58,0.0,5,5,0,46.88,0,10000.0
91,21,14.61,1.61,0.0,5,5,0,47.1,0,10000.0
91,22,14.64,1.72,0.0,5,5,0,47.21,0,10000.0
91,23,15.52,1.69,0.0,5,5,0,48.44,0,10000.0
91,24,15.83,1.78,0.0,5,5,0,47.73,0,10000.0
91,25,16.11,1.84,0.0,5,5,0,49.0,0,10000.0
91,26,16.64,1.86,0.0,5,5,0,48.72,0,10000.0
91,27,17.02,1.61,0.0,5,5,0,48.43,0,10000.0
91,28,16.99,1.6,0.0,5,5,0,45.59,0,10000.0
91,29,17.61,1.28,0.0,5,5,0,47.75,0,10000.0
92,0,13.52,1.16,0.12,7,7,0,42.76,1,4000.0
92,1,13.2,0.9,0.0,9,9,0,42.78,1,3900.0
92,2,15.06,0.11,0.12,11,11,0,42.88,1,3800.0
92,3,14.89,0.17,0.0,13,13,0,43.07,1,3700.0
92,4,14.52,0.87,0.75,16,16,0,43.4,1,3600.0
92,5,16.21,1.37,1.32,18,18,0,43.9,1,3500.0
92,6,15.6,1.38,1.5,21,21,0,44.58,1,3400.0
92,7,17.97,2.17,1.59,22,22,0,45.48,1,3300.0
92,8,19.33,2.89,2.92,25,25,0,46.63,1,3200.0
92,9,20.33,5.06,3.66,29,29,0,48.05,2,1287.4
92,10,22.6,6.69,3.55,33,34,0,49.77,2,1158.4
92,11,24.01,8.38,5.0,35,36,0,51.81,2,1343.1
92,12,25.94,9.53,4.4,40,41,0,54.19,2,1249.4
92,13,29.39,10.97,6.66,43,44,1,56.94,2,1158.8
92,14,32.92,12.11,6.59,46,47,1,60.09,2,921.2
92,15,36.87,15.99,7.14,52,54,2,63.65,2,888.2
93,0,16.92,1.18,0.56,4,4,0,30.3,1,4000.0
93,1,16.13,1.19,0.0,7,7,0,30.33,1,3900.0
93,2,15.01,0.21,0.08,10,10,0,30.43,1,3800.0
93,3,15.42,1.32,0.47,11,11,0,30.66,1,3700.0
93,4,15.15,1.21,0.59,12,12,0,31.03,1,3600.0
93,5,16.49,1.44,1.01,14,14,0,31.58,1,3500.0
93,6,16.1,1.17,2.16,16,16,0,32.35,1,3400.0
93,7,18.02,2.0,1.28,19,19,0,33.36,1,3300.0
93,8,20.14,2.61,2.86,22,22,0,34.65,1,3200.0
93,9,21.76,3.37,4.04,24,24,0,36.25,2,1450.6
93,10,23.38,5.14,4.5,26,27,0,38.18,2,1240.0
93,11,27.26,7.73,4.53,29,30,0,40.46,2,1255.4
93,12,31.97,9.59,5.64,33,34,1,43.14,2,1172.0
93,13,34.94,12.18,6.28,36,37,1,46.23,2,887.6
93,14,37.83,14.33,8.19,42,44,2,49.77,2,857.8
94,0,11.63,1.67,0.0,5,5,0,25.53,0,10000.0
94,1,11.74,1.76,0.0,5,5,0,25.11,0,10000.0
94,2,11.73,1.94,0.0,5,5,0,23.23,0,10000.0
94,3,11.94,1.66,0.0,5,5,0,24.54,0,10000.0
94,4,12.18,1.62,0.0,5,5,0,24.11,0,10000.0
94,5,12.55,1.51,0.1,5,5,0,25.25,0,10000.0
94,6,11.92,1.39,0.0,5,5,0,26.57,0,10000.0
94,7,12.51,1.93,0.0,5,5,0,24.87,0,10000.0
94,8,12.42,1.92,0.0,5,5,0,25.23,0,10000.0
94,9,12.34,2.08,0.0,5,5,0,24.26,0,10000.0
94,10,12.33,1.98,0.0,5,5,0,22.71,0,10000.0
94,11,12.28,2.06,0.0,5,5,0,20.98,0,10000.0
94,12,12.43,2.1,0.0,6,6,0,18.1,0,10000.0
94,13,12.59,2.18,0.0,6,6,0,17.47,0,10000.0
94,14,12.19,2.01,0.0,6,6,0,17.84,0,10000.0
94,15,12.3,2.04,0.0,6,6,0,19.55,0,10000.0
94,16,11.86,2.07,0.0,6,6,0,20.96,0,10000.0
95,0,11.96,1.08,0.13,5,5,0,44.16,1,4000.0
95,1,11.28,0.78,0.0,8,8,0,44.17,1,3900.0
95,2,11.35,0.44,0.0,11,11,0,44.22,1,3800.0
95,3,10.57,0.45,0.41,14,14,0,44.31,1,3700.0
95,4,11.95,0.13,1.04,17,17,0,44.47,1,3600.0
95,5,14.68,-0.4,0.37,19,19,0,44.71,1,3500.0
95,6,14.31,-0.66,0.96,21,21,0,45.04,1,3400.0
95,7,15.8,-0.4,1.41,24,24,0,45.47,1,3300.0
95,8,17.68,0.59,1.18,26,26,0,46.03,1,3200.0
95,9,18.07,1.8,1.2,27,27,0,46.71,1,3100.0
95,10,19.15,2.31,1.9,30,30,0,47.54,1,3000.0
95,11,18.75,3.76,1.89,33,33,0,48.52,1,2900.0
95,12,19.74,4.0,1.72,35,35,0,49.67,1,2800.0
95,13,20.43,4.26,3.29,37,37,0,51.0,1,2700.0
95,14,23.46,5.54,3.32,41,41,0,52.51,2,1181.8
95,15,24.86,7.58,4.02,44,45,0,54.23,2,662.2
95,16,27.37,8.16,4.44,48,49,0,56.16,2,751.1
95,17,29.76,9.51,4.4,52,53,0,58.31,2,730.7
95,18,33.66,11.25,4.27,55,56,0,60.69,2,663.5
95,19,37.87,13.0,5.01,60,61,1,63.32,2,403.3
95,20,41.79,15.39,6.57,64,65,1,66.2,2,400.0
95,21,43.7,18.52,7.43,67,68,1,69.34,2,400.0
95,22,46.73,20.88,7.59,70,72,2,72.76,2,400.0
95,23,51.33,23.71,7.27,75,77,2,76.47,2,400.0
96,0,13.33,2.52,0.0,1,1,0,37.98,1,6176.4
96,1,14.04,2.82,0.16,2,2,0,38.08,1,6017.5
96,2,14.04,3.12,0.0,2,2,0,38.27,1,5307.8
96,3,14.98,3.31,0.17,2,2,0,38.56,1,5559.9
96,4,15.25,3.22,0.25,2,2,0,38.94,1,5858.3
96,5,14.94,3.33,0.36,3,3,0,39.41,1,5631.2
96,6,14.4,3.54,0.58,3,3,0,39.98,1,5124.1
96,7,14.63,3.76,0.79,4,4,0,40.65,1,4803.4
96,8,14.42,4.17,0.88,4,4,0,41.41,1,4840.4
96,9,15.13,4.25,0.82,4,4,0,42.27,1,4292.7
96,10,15.73,4.44,1.3,4,4,0,43.22,1,4147.5
96,11,16.55,5.01,1.02,5,6,0,44.27,1,4487.1
96,12,17.42,6.03,1.25,5,6,0,45.41,1,4086.2
96,13,18.28,6.44,1.6,6,7,0,46.65,1,3748.3
96,14,19.13,7.15,1.71,6,7,0,47.98,1,3932.3
96,15,19.46,7.29,1.74,6,7,0,49.41,1,3846.8
96,16,20.92,8.03,1.45,7,8,0,50.94,1,3891.4
96,17,22.89,9.14,1.37,7,8,0,52.56,1,3366.4
96,18,23.43,9.77,1.64,7,8,0,54.27,1,3276.1
96,19,24.52,10.31,2.32,7,8,0,56.08,1,3057.5
96,20,26.67,11.47,1.98,7,8,0,57.98,1,3014.9
97,0,8.06,1.77,0.03,5,5,0,24.05,1,6142.8
97,1,8.3,2.06,0.41,5,5,0,24.14,1,6074.9
97,2,8.11,2.35,0.26,6,6,0,24.32,1,5608.4
97,3,8.91,2.63,0.31,6,6,0,24.6,1,5124.9
97,4,8.1,2.81,0.55,7,7,0,24.96,1,5677.4
97,5,8.0,2.48,0.44,7,7,0,25.42,1,5700.6
97,6,8.45,2.55,0.31,7,7,0,25.96,1,4840.5
97,7,9.14,3.01,0.53,8,8,0,26.6,1,5006.4
97,8,10.4,3.14,0.64,8,8,0,27.32,1,4699.2
97,9,11.62,3.8,1.03,8,8,0,28.14,1,4641.3
97,10,12.38,4.17,1.24,8,8,0,29.05,1,4610.4
97,11,12.4,4.79,1.05,8,9,0,30.05,1,4298.8
97,12,13.14,5.53,1.28,8,9,0,31.14,1,4471.0
97,13,14.55,5.67,1.32,8,9,0,32.32,1,4191.9
97,14,15.29,6.23,1.18,9,10,0,33.6,1,3838.9
97,15,17.57,6.52,1.79,9,10,0,34.96,1,3861.9
97,16,19.12,7.46,1.72,9,10,0,36.42,1,3512.8
97,17,21.37,7.71,1.56,9,10,0,37.96,1,3426.5
97,18,22.25,8.47,1.65,10,11,0,39.6,1,3564.3
97,19,24.02,9.14,2.16,11,12,0,41.32,1,3070.5
97,20,26.7,9.81,2.08,11,12,0,43.14,1,3019.7
97,21,28.29,10.8,1.85,12,13,0,45.05,1,2938.5
98,0,7.47,2.16,0.09,7,7,0,41.31,1,4000.0
98,1,6.56,2.24,0.0,8,8,0,41.32,1,3900.0
98,2,4.86,2.89,0.8,10,10,0,41.37,1,3800.0
98,3,6.74,3.43,0.5,11,11,0,41.48,1,3700.0
98,4,7.77,3.68,0.46,12,12,0,41.65,1,3600.0
98,5,6.58,4.51,0.28,14,14,0,41.9,1,3500.0
98,6,7.09,4.07,0.56,17,17,0,42.26,1,3400.0
98,7,8.69,4.59,1.13,19,19,0,42.73,1,3300.0
98,8,7.97,4.11,1.58,21,21,0,43.33,1,3200.0
98,9,9.38,3.8,1.73,23,23,0,44.07,1,3100.0
98,10,9.97,4.44,1.39,24,24,0,44.96,1,3000.0
98,11,11.72,5.59,1.75,27,27,0,46.02,1,2900.0
98,12,10.84,6.06,3.43,30,30,0,47.26,1,2800.0
98,13,11.27,7.02,2.41,33,33,0,48.69,2,1201.6
98,14,14.89,7.51,3.4,37,38,0,50.33,2,865.1
98,15,17.33,8.59,4.49,40,41,0,52.18,2,1030.9
98,16,18.02,9.87,4.77,43,44,0,54.26,2,927.4
98,17,20.35,11.17,5.16,47,48,0,56.59,2,810.6
98,18,24.14,13.58,4.89,51,52,1,59.16,2,423.9
98,19,26.57,15.81,5.95,54,55,1,61.99,2,477.5
98,20,30.04,17.79,5.59,57,58,1,65.11,2,400.0
98,21,32.35,20.74,6.52,61,63,1,68.5,2,400.0
98,22,37.12,23.54,8.17,67,69,2,72.19,2,400.0
99,0,16.23,1.37,0.0,5,5,0,44.39,1,5803.8
99,1,16.74,1.79,0.26,5,5,0,44.49,1,5750.5
99,2,16.37,2.04,0.18,5,5,0,44.69,1,5796.8
99,3,17.0,1.87,0.39,6,6,0,44.99,1,5551.7
99,4,16.91,2.31,0.13,6,6,0,45.39,1,5539.7
99,5,17.52,2.12,0.72,6,6,0,45.89,1,5604.1
99,6,18.14,2.41,0.71,6,6,0,46.49,1,5111.2
99,7,18.53,2.88,0.71,6,6,0,47.19,1,4910.0
99,8,19.38,3.01,1.04,6,6,0,47.99,1,4761.5
99,9,18.89,3.45,0.76,6,6,0,48.89,1,4774.4
99,10,20.0,3.83,0.96,7,8,0,49.89,1,4556.8
99,11,20.91,4.27,1.51,7,8,0,50.99,1,4170.1
99,12,21.59,4.32,1.61,7,8,0,52.19,1,3825.0
99,13,22.91,4.52,1.36,7,8,0,53.49,1,4053.3
99,14,24.07,4.97,1.59,7,8,0,54.89,1,3602.4
99,15,25.05,5.8,1.79,8,9,0,56.39,1,4014.9
99,16,25.55,7.24,1.98,8,9,0,57.99,1,3730.8
99,17,27.0,7.74,1.98,8,9,0,59.69,1,3535.3
99,18,29.17,8.35,1.91,9,10,0,61.49,1,3095.2
99,19,30.58,9.54,1.9,9,10,0,63.39,1,3146.5
100,0,10.99,1.91,0.0,4,4,0,31.74,0,10000.0
100,1,10.36,2.11,0.0,4,4,0,32.36,0,10000.0
100,2,10.95,2.05,0.0,4,4,0,31.25,0,10000.0
100,3,11.09,1.81,0.0,5,5,0,29.14,0,10000.0
100,4,11.52,1.54,0.0,5,5,0,28.94,0,10000.0
100,5,11.8,1.37,0.0,5,5,0,26.51,0,10000.0
100,6,12.78,1.53,0.0,5,5,0,28.51,0,10000.0
100,7,13.25,1.19,0.0,5,5,0,26.42,0,10000.0
100,8,13.39,1.33,0.0,5,5,0,24.89,0,10000.0
100,9,13.76,1.4,0.0,5,5,0,26.46,0,10000.0
100,10,13.42,1.39,0.0,5,5,0,27.47,0,10000.0
100,11,13.5,1.36,0.0,5,5,0,27.65,0,10000.0
100,12,13.4,1.24,0.0,5,5,0,26.66,0,10000.0
100,13,13.08,1.66,0.0,5,5,0,23.88,0,10000.0
100,14,12.53,1.61,0.0,5,5,0,25.8,0,10000.0
100,15,12.68,1.52,0.0,5,5,0,22.83,0,10000.0
100,16,12.61,1.31,0.0,5,5,0,22.53,0,10000.0
100,17,12.9,1.3,0.0,5,5,0,22.91,0,10000.0
100,18,13.61,1.26,0.0,5,5,0,20.79,0,10000.0
100,19,13.3,0.96,0.0,5,5,0,20.78,0,10000.0
100,20,13.21,1.15,0.0,5,5,0,22.23,0,10000.0
101,0,11.36,1.91,0.08,5,5,0,31.92,1,6045.9
101,1,10.56,2.28,0.02,5,5,0,31.98,1,5786.3
101,2,11.33,1.77,0.23,6,6,0,32.12,1,5954.2
101,3,10.68,1.75,0.56,6,6,0,32.32,1,5859.0
101,4,11.03,1.32,0.18,7,7,0,32.58,1,5207.4
101,5,12.09,1.59,0.47,7,7,0,32.92,1,4971.5
101,6,12.47,1.8,0.64,7,7,0,33.32,1,5550.6
101,7,11.79,1.59,0.72,7,7,0,33.78,1,4841.8
101,8,12.08,1.99,0.77,8,8,0,34.32,1,4452.3
101,9,13.37,2.07,0.99,8,8,0,34.92,1,4684.7
101,10,14.62,2.04,0.68,8,8,0,35.58,1,4478.6
101,11,14.33,2.27,1.25,8,8,0,36.32,1,4081.4
101,12,14.12,2.36,0.76,9,9,0,37.12,1,4049.9
101,13,14.82,1.92,1.35,9,9,0,37.98,1,4219.6
101,14,15.87,1.95,0.86,9,9,0,38.92,1,4075.0
101,15,16.21,2.67,1.05,9,10,0,39.92,1,3966.2
101,16,17.05,2.87,0.79,9,10,0,40.98,1,3791.2
101,17,17.82,3.24,1.13,9,10,0,42.12,1,3238.6
101,18,18.9,4.25,1.24,10,11,0,43.32,1,3075.2
101,19,20.02,5.39,1.49,11,12,0,44.58,1,2782.9
101,20,20.81,6.2,1.26,11,12,0,45.92,1,3648.4
101,21,21.62,6.65,1.43,11,12,0,47.32,1,2956.1
101,22,23.5,7.18,1.93,12,13,0,48.78,1,2869.0
101,23,23.43,8.16,1.72,12,13,0,50.32,1,3160.8
101,24,24.6,8.7,1.55,12,13,0,51.92,1,2500.0
101,25,25.77,9.59,2.0,13,14,0,53.58,1,2500.0
101,26,27.45,10.61,1.82,13,14,0,55.32,1,2500.0
101,27,28.99,11.69,1.97,13,14,0,57.12,1,2500.0
101,28,30.08,12.24,2.07,13,14,0,58.98,1,2500.0
101,29,30.84,13.18,1.84,14,15,0,60.92,1,2500.0
102,0,10.12,1.16,0.0,5,5,0,27.21,0,10000.0
102,1,10.75,1.41,0.0,5,5,0,25.84,0,10000.0
102,2,10.57,1.8,0.0,5,5,0,22.77,0,10000.0
102,3,10.56,1.81,0.0,5,5,0,24.43,0,10000.0
102,4,11.11,2.28,0.0,5,5,0,24.23,0,10000.0
102,5,10.53,2.2,0.0,5,5,0,24.68,0,10000.0
102,6,10.59,2.07,0.0,5,5,0,22.22,0,10000.0
102,7,10.48,2.01,0.0,5,5,0,23.48,0,10000.0
102,8,10.5,1.78,0.0,5,5,0,22.91,0,10000.0
102,9,10.84,1.68,0.0,5,5,0,24.22,0,10000.0
102,10,10.82,1.72,0.0,5,5,0,24.25,0,10000.0
102,11,10.76,1.85,0.0,5,5,0,23.59,0,10000.0
102,12,10.6,1.71,0.0,5,5,0,22.95,0,10000.0
102,13,10.14,1.83,0.0,5,5,0,21.95,0,10000.0
102,14,9.67,2.04,0.0,5,5,0,22.96,0,10000.0
102,15,9.56,2.32,0.0,5,5,0,23.11,0,10000.0
102,16,9.64,2.49,0.0,6,6,0,21.71,0,10000.0
102,17,9.94,2.72,0.0,6,6,0,21.29,0,10000.0
102,18,9.38,2.76,0.0,6,6,0,21.48,0,10000.0
102,19,9.17,2.85,0.0,6,6,0,23.29,0,10000.0
102,20,9.21,2.79,0.0,6,6,0,22.88,0,10000.0
102,21,9.48,2.59,0.0,6,6,0,22.48,0,10000.0
102,22,10.23,2.76,0.0,6,6,0,20.85,0,10000.0
102,23,10.12,3.17,0.0,6,6,0,20.91,0,10000.0
102,24,11.12,3.22,0.0,6,6,0,20.24,0,10000.0
102,25,10.67,3.11,0.0,6,6,0,19.36,0,10000.0
102,26,10.0,2.76,0.0,6,6,0,19.99,0,10000.0
102,27,10.18,3.16,0.0,6,6,0,22.77,0,10000.0
103,0,7.8,2.48,0.0,5,5,0,30.89,0,10000.0
103,1,7.28,2.12,0.0,5,5,0,31.48,0,10000.0
103,2,7.08,2.43,0.0,5,5,0,33.31,0,10000.0
103,3,7.25,2.25,0.0,5,5,0,33.54,0,10000.0
103,4,6.79,2.39,0.0,5,5,0,34.46,0,10000.0
103,5,7.03,2.38,0.0,5,5,0,36.49,0,10000.0
103,6,7.17,2.22,0.0,5,5,0,34.52,0,10000.0
103,7,6.59,2.19,0.0,5,5,0,36.95,0,10000.0
103,8,6.36,2.44,0.0,5,5,0,39.32,0,10000.0
103,9,6.0,2.35,0.0,6,6,0,39.96,0,10000.0
103,10,6.0,1.71,0.0,6,6,0,40.54,0,10000.0
103,11,6.0,1.82,0.0,6,6,0,42.67,0,10000.0
103,12,6.1,1.81,0.0,6,6,0,43.82,0,10000.0
103,13,6.0,1.75,0.0,6,6,0,45.35,0,10000.0
103,14,7.1,1.66,0.0,6,6,0,44.68,0,10000.0
103,15,8.1,1.43,0.0,6,6,0,44.07,0,10000.0
103,16,8.4,1.43,0.0,6,6,0,42.92,0,10000.0
104,0,10.79,0.98,0.14,5,5,0,28.64,1,5859.0
104,1,10.63,0.88,0.06,5,5,0,28.72,1,5739.4
104,2,11.02,1.06,0.35,5,5,0,28.88,1,5648.5
104,3,12.24,1.09,0.17,5,5,0,29.12,1,5558.3
104,4,12.21,0.98,0.34,5,5,0,29.44,1,5164.1
104,5,11.48,1.2,0.23,5,5,0,29.84,1,5266.5
104,6,12.14,1.21,0.79,5,5,0,30.32,1,5211.7
104,7,13.4,1.21,0.86,5,5,0,30.88,1,4777.2
104,8,12.87,1.32,0.73,5,5,0,31.52,1,4567.7
104,9,13.49,1.61,0.42,5,5,0,32.24,1,4743.9
104,10,14.23,1.83,0.87,5,5,0,33.04,1,4540.8
104,11,15.64,2.36,1.08,5,5,0,33.92,1,4237.6
104,12,15.75,2.44,1.19,5,5,0,34.88,1,4563.4
104,13,16.73,2.9,0.83,6,7,0,35.92,1,4410.6
104,14,16.41,3.58,1.05,6,7,0,37.04,1,3761.0
104,15,18.07,4.06,1.21,7,8,0,38.24,1,4007.2
104,16,18.35,4.83,1.69,8,9,0,39.52,1,3486.6
104,17,19.41,4.89,1.44,8,9,0,40.88,1,3465.2
104,18,20.63,5.56,1.39,8,9,0,42.32,1,3125.6
104,19,21.59,6.19,1.63,8,9,0,43.84,1,3281.6
104,20,22.85,6.62,1.81,9,10,0,45.44,1,2977.4
104,21,23.65,7.42,1.89,9,10,0,47.12,1,3040.9
104,22,24.75,8.15,1.92,9,10,0,48.88,1,2969.0
104,23,25.46,9.06,2.12,10,11,0,50.72,1,2500.0
104,24,25.96,9.76,2.05,11,12,0,52.64,1,2500.0
105,0,12.15,0.93,0.0,5,5,0,39.37,1,6152.5
105,1,12.21,1.23,0.0,5,5,0,39.48,1,5935.6
105,2,12.75,1.02,0.16,5,5,0,39.71,1,5658.1
105,3,13.22,1.64,0.62,5,5,0,40.04,1,5425.4
105,4,13.6,2.19,0.65,5,5,0,40.48,1,5489.8
105,5,14.29,2.13,1.03,5,5,0,41.04,1,5285.6
105,6,15.26,2.3,0.76,5,5,0,41.71,1,5095.5
105,7,16.83,2.54,0.68,5,5,0,42.48,1,5067.0
105,8,17.94,2.49,0.7,5,5,0,43.37,1,4550.7
105,9,19.25,2.76,1.32,5,6,0,44.37,1,4824.0
105,10,19.53,3.05,1.15,5,6,0,45.48,1,4547.3
105,11,19.44,3.45,1.5,5,6,0,46.71,1,4416.5
105,12,20.42,4.04,1.5,5,6,0,48.04,1,4142.7
105,13,21.62,4.23,1.42,6,7,0,49.48,1,3910.7
105,14,22.13,4.41,1.55,7,8,0,51.04,1,3890.5
105,15,24.48,4.8,1.71,7,8,0,52.71,1,3606.5
105,16,25.88,5.46,1.85,7,8,0,54.48,1,3255.0
105,17,27.83,6.56,2.07,7,8,0,56.37,1,3345.7
106,0,9.87,1.93,0.0,3,3,0,33.3,1,4000.0
106,1,7.5,1.56,0.18,5,5,0,33.31,1,3900.0
106,2,6.73,1.74,0.46,7,7,0,33.34,1,3800.0
106,3,7.12,2.56,0.29,8,8,0,33.4,1,3700.0
106,4,7.01,2.49,0.0,10,10,0,33.51,1,3600.0
106,5,7.98,1.41,1.1,12,12,0,33.67,1,3500.0
106,6,9.38,0.52,0.1,14,14,0,33.89,1,3400.0
106,7,9.08,0.61,0.25,15,15,0,34.18,1,3300.0
106,8,7.92,1.18,0.0,17,17,0,34.55,1,3200.0
106,9,9.46,1.85,0.06,19,19,0,35.01,1,3100.0
106,10,11.67,2.04,0.9,21,21,0,35.56,1,3000.0
106,11,12.57,2.33,2.43,22,22,0,36.22,1,2900.0
106,12,11.95,2.92,1.4,23,23,0,36.99,1,2800.0
106,13,12.63,3.8,1.85,26,26,0,37.88,1,2700.0
106,14,14.99,5.13,1.43,29,29,0,38.89,1,2600.0
106,15,15.55,5.62,2.25,33,33,0,40.04,1,2500.0
106,16,15.1,6.45,3.11,37,37,0,41.33,1,2400.0
106,17,15.57,7.09,4.03,40,40,0,42.77,2,658.3
106,18,16.56,8.48,3.32,42,42,0,44.36,2,669.2
106,19,20.25,9.19,4.15,45,46,0,46.12,2,578.0
106,20,20.9,10.47,4.05,47,48,0,48.05,2,400.0
106,21,23.18,12.65,4.65,49,50,0,50.15,2,410.2
106,22,25.06,15.21,4.94,54,55,0,52.44,2,400.0
106,23,28.35,17.16,5.77,58,59,1,54.92,2,400.0
106,24,31.55,18.24,4.97,62,63,1,57.6,2,400.0
106,25,35.25,20.5,6.58,66,67,1,60.48,2,400.0
106,26,40.38,22.34,6.6,69,70,1,63.57,2,400.0
106,27,45.86,25.17,7.61,73,75,1,66.88,2,400.0
106,28,48.31,27.94,7.54,77,79,2,70.41,2,400.0
106,29,53.18,30.49,7.67,81,83,2,74.18,2,400.0
107,0,10.9,1.93,0.34,6,6,0,38.37,1,4000.0
107,1,12.21,1.62,0.0,8,8,0,38.39,1,3900.0
107,2,12.09,1.42,0.0,9,9,0,38.45,1,3800.0
107,3,13.52,1.67,0.0,10,10,0,38.57,1,3700.0
107,4,13.44,1.51,0.0,13,13,0,38.77,1,3600.0
107,5,12.36,2.29,0.03,16,16,0,39.07,1,3500.0
107,6,13.73,3.06,1.33,18,18,0,39.49,1,3400.0
107,7,13.85,3.54,0.77,19,19,0,40.05,1,3300.0
107,8,15.62,3.58,2.24,20,20,0,40.75,1,3200.0
107,9,16.14,3.89,1.78,23,23,0,41.62,1,3100.0
107,10,17.09,4.9,2.4,26,26,0,42.67,1,3000.0
107,11,19.11,5.52,2.39,29,29,0,43.92,1,2900.0
107,12,19.59,6.05,2.6,33,33,0,45.38,2,1130.8
107,13,22.71,7.4,3.3,37,38,0,47.07,2,1145.9
107,14,24.25,8.82,4.45,40,41,0,49.0,2,950.9
107,15,28.62,10.12,5.01,44,45,0,51.18,2,753.5
107,16,32.13,12.03,5.58,49,50,1,53.63,2,782.0
107,17,35.97,13.38,5.44,53,54,1,56.37,2,796.9
107,18,38.92,15.88,5.92,58,59,1,59.4,2,612.6
107,19,43.89,18.34,6.97,61,63,1,62.74,2,645.5
107,20,48.51,20.71,7.24,66,68,2,66.4,2,400.0
108,0,13.42,0.96,0.0,5,5,0,25.7,0,10000.0
108,1,14.1,1.15,0.0,5,5,0,26.09,0,10000.0
108,2,13.4,1.2,0.0,5,5,0,22.51,0,10000.0
108,3,13.28,1.17,0.0,5,5,0,21.29,0,10000.0
108,4,12.56,1.56,0.0,5,5,0,21.5,0,10000.0
108,5,13.34,1.45,0.0,5,5,0,23.66,0,10000.0
108,6,13.47,1.05,0.0,5,5,0,22.22,0,10000.0
108,7,13.58,1.18,0.0,5,5,0,21.5,0,10000.0
108,8,13.73,1.14,0.0,5,5,0,21.87,0,10000.0
108,9,13.56,1.02,0.0,5,5,0,21.28,0,10000.0
108,10,14.23,1.03,0.0,5,5,0,23.26,0,10000.0
108,11,13.8,0.81,0.0,5,5,0,23.47,0,10000.0
108,12,13.72,0.87,0.0,5,5,0,25.81,0,10000.0
108,13,14.13,0.88,0.0,5,5,0,27.19,0,10000.0
108,14,13.61,1.44,0.0,5,5,0,25.16,0,10000.0
109,0,13.94,0.55,0.18,4,4,0,24.33,1,5710.7
109,1,14.15,0.6,0.37,4,4,0,24.44,1,6068.1
109,2,14.67,0.72,0.06,4,4,0,24.66,1,5835.7
109,3,15.09,0.6,0.07,5,5,0,24.99,1,5516.4
109,4,15.5,0.6,0.75,5,5,0,25.44,1,5559.6
109,5,15.31,1.05,0.76,5,5,0,25.99,1,5690.6
109,6,14.65,1.16,1.0,6,6,0,26.66,1,4845.1
109,7,15.6,1.22,0.97,6,6,0,27.44,1,4724.2
109,8,16.4,1.35,0.9,6,6,0,28.33,1,4534.1
109,9,17.65,2.01,0.85,6,7,0,29.33,1,4868.4
109,10,17.93,2.22,1.26,6,7,0,30.44,1,4120.6
109,11,18.46,2.35,1.57,6,7,0,31.66,1,4595.3
109,12,19.33,2.27,1.76,6,7,0,32.99,1,4202.5
109,13,20.11,2.79,1.72,6,7,0,34.44,1,4276.9
109,14,20.09,3.34,1.88,6,7,0,35.99,1,3804.8
109,15,21.33,4.49,2.17,6,7,0,37.66,1,4107.7
109,16,21.5,5.29,1.78,6,7,0,39.44,1,3324.3
109,17,24.62,6.28,1.86,7,8,0,41.33,1,3555.7
110,0,12.38,1.72,0.0,5,5,0,25.48,0,10000.0
110,1,12.74,1.8,0.0,5,5,0,22.85,0,10000.0
110,2,13.43,1.64,0.0,5,5,0,24.09,0,10000.0
110,3,14.31,1.67,0.0,5,5,0,22.61,0,10000.0
110,4,13.3,1.47,0.0,5,5,0,22.88,0,10000.0
110,5,13.6,1.49,0.0,5,5,0,20.69,0,10000.0
110,6,13.56,1.68,0.0,5,5,0,19.21,0,10000.0
110,7,12.17,1.59,0.0,5,5,0,19.94,0,10000.0
110,8,13.05,2.2,0.0,5,5,0,19.71,0,10000.0
110,9,12.94,2.34,0.0,5,5,0,17.77,0,10000.0
110,10,13.17,2.34,0.0,5,5,0,17.49,0,10000.0
110,11,12.83,2.3,0.0,6,6,0,17.28,0,10000.0
110,12,12.61,2.49,0.0,6,6,0,17.37,0,10000.0
110,13,12.48,1.96,0.0,6,6,0,16.05,0,10000.0
110,14,12.51,1.78,0.0,6,6,0,18.18,0,10000.0
110,15,12.11,1.89,0.0,6,6,0,16.38,0,10000.0
110,16,11.91,1.79,0.0,6,6,0,14.4,0,10000.0
110,17,11.6,1.76,0.0,6,6,0,16.17,0,10000.0
110,18,11.69,1.7,0.0,6,6,0,18.71,0,10000.0
110,19,11.99,1.6,0.0,6,6,0,18.83,0,10000.0
110,20,12.05,1.39,0.0,6,6,0,20.76,0,10000.0
110,21,11.85,1.44,0.0,6,6,0,20.9,0,10000.0
111,0,12.81,2.93,0.0,3,3,0,37.53,1,4000.0
111,1,12.51,2.73,0.13,4,4,0,37.54,1,3900.0
111,2,12.97,2.68,0.0,7,7,0,37.59,1,3800.0
111,3,14.57,2.89,1.11,10,10,0,37.68,1,3700.0
111,4,13.99,3.49,0.59,12,12,0,37.84,1,3600.0
111,5,14.91,4.86,0.35,13,13,0,38.08,1,3500.0
111,6,15.95,5.4,0.3,15,15,0,38.41,1,3400.0
111,7,16.67,5.81,0.91,18,18,0,38.84,1,3300.0
111,8,18.39,6.8,1.57,21,21,0,39.4,1,3200.0
111,9,19.85,7.89,2.56,22,22,0,40.08,1,3100.0
111,10,22.22,8.4,1.27,23,23,0,40.91,1,3000.0
111,11,22.76,8.57,1.71,24,24,0,41.89,1,2900.0
111,12,23.47,9.33,2.66,26,26,0,43.04,1,2800.0
111,13,23.67,10.37,2.37,28,28,0,44.37,1,2700.0
111,14,25.16,11.64,2.78,32,32,0,45.88,2,1114.3
111,15,26.33,13.05,4.05,36,37,0,47.6,2,887.4
111,16,28.38,13.79,3.26,38,39,0,49.53,2,815.0
111,17,31.91,14.66,5.18,42,43,0,51.68,2,676.5
111,18,35.08,16.92,4.93,45,46,0,54.06,2,497.5
111,19,39.9,19.04,5.7,48,49,1,56.69,2,462.4
111,20,43.15,21.05,6.42,51,52,1,59.57,2,400.0
111,21,46.39,22.99,7.33,54,55,1,62.71,2,400.0
111,22,50.56,24.86,6.89,57,59,2,66.13,2,400.0
111,23,52.88,27.76,7.81,62,64,2,69.84,2,400.0
112,0,13.65,0.98,0.09,2,2,0,28.12,1,5802.5
112,1,13.45,1.06,0.03,2,2,0,28.19,1,5492.6
112,2,13.24,1.07,0.0,2,2,0,28.34,1,5757.8
112,3,14.1,1.13,0.0,2,2,0,28.56,1,5646.3
112,4,14.89,1.7,0.19,2,2,0,28.86,1,5528.9
112,5,16.36,1.24,0.6,2,2,0,29.23,1,4857.6
112,6,16.57,1.27,0.79,2,2,0,29.67,1,4599.3
112,7,17.57,1.27,0.98,3,3,0,30.19,1,5339.6
112,8,18.19,2.18,0.76,4,4,0,30.78,1,4743.8
112,9,18.4,2.16,0.77,5,5,0,31.45,1,4607.6
112,10,18.7,2.21,1.03,5,5,0,32.19,1,4510.2
112,11,20.4,2.26,0.8,5,5,0,33.01,1,4073.1
112,12,19.71,2.27,0.91,5,5,0,33.89,1,4135.8
112,13,20.67,2.5,1.13,5,5,0,34.86,1,3845.8
112,14,22.77,2.93,1.0,5,6,0,35.89,1,4133.8
112,15,23.11,3.66,1.07,6,7,0,37.01,1,3880.8
112,16,22.78,3.51,1.42,6,7,0,38.19,1,3476.6
112,17,23.8,3.84,1.68,6,7,0,39.45,1,3141.9
112,18,23.69,4.55,1.66,6,7,0,40.78,1,3398.5
112,19,25.71,5.04,1.77,7,8,0,42.19,1,3509.0
112,20,27.11,5.56,1.66,7,8,0,43.67,1,3098.6
112,21,28.88,6.13,1.63,8,9,0,45.23,1,3048.4
112,22,30.01,6.68,1.64,8,9,0,46.86,1,2500.0
112,23,31.16,7.15,1.75,8,9,0,48.56,1,2502.8
112,24,31.83,7.76,2.12,8,9,0,50.34,1,2500.0
112,25,33.57,8.51,2.06,8,9,0,52.19,1,2500.0
112,26,35.31,9.35,1.83,9,10,0,54.12,1,2500.0
113,0,14.58,1.61,0.0,0,0,0,43.0,0,10000.0
113,1,14.6,1.89,0.0,0,0,0,41.66,0,10000.0
113,2,14.48,1.85,0.0,0,0,0,43.23,0,10000.0
113,3,13.9,1.77,0.0,0,0,0,45.0,0,10000.0
113,4,14.05,1.88,0.0,0,0,0,45.79,0,10000.0
113,5,14.37,1.74,0.0,0,0,0,46.9,0,10000.0
113,6,13.64,2.11,0.0,0,0,0,46.18,0,10000.0
113,7,14.26,1.48,0.0,0,0,0,47.32,0,10000.0
113,8,15.68,1.87,0.0,0,0,0,48.05,0,10000.0
113,9,16.11,1.73,0.0,0,0,0,47.98,0,10000.0
113,10,16.12,2.03,0.0,0,0,0,49.28,0,10000.0
113,11,16.52,1.73,0.0,1,1,0,49.97,0,10000.0
113,12,16.3,1.62,0.0,1,1,0,46.03,0,10000.0
113,13,17.08,1.56,0.0,1,1,0,48.04,0,10000.0
113,14,16.7,1.42,0.0,1,1,0,47.35,0,10000.0
113,15,16.16,1.57,0.0,1,1,0,47.19,0,10000.0
113,16,16.36,1.31,0.0,1,1,0,47.84,0,10000.0
113,17,16.01,1.59,0.0,1,1,0,46.8,0,10000.0
113,18,16.75,1.45,0.0,1,1,0,46.72,0,10000.0
113,19,16.41,1.44,0.0,1,1,0,47.22,0,10000.0
113,20,16.64,1.32,0.0,1,1,0,45.6,0,10000.0
113,21,17.01,1.53,0.0,1,1,0,46.04,0,10000.0
114,0,14.45,2.68,0.0,4,4,0,43.86,0,10000.0
114,1,14.74,2.87,0.0,4,4,0,44.71,0,10000.0
114,2,14.8,2.74,0.0,4,4,0,43.64,0,10000.0
114,3,15.47,2.8,0.0,4,4,0,44.46,0,10000.0
114,4,14.2,2.91,0.0,4,4,0,44.19,0,10000.0
114,5,14.73,2.8,0.0,4,4,0,43.61,0,10000.0
114,6,14.97,2.78,0.0,4,4,0,39.15,0,10000.0
114,7,14.83,2.88,0.0,4,4,0,36.59,0,10000.0
114,8,14.99,2.98,0.0,4,4,0,34.06,0,10000.0
114,9,15.29,2.98,0.0,4,4,0,33.55,0,10000.0
114,10,15.22,2.88,0.0,4,4,0,34.7,0,10000.0
114,11,15.01,3.02,0.0,4,4,0,35.46,0,10000.0
114,12,14.93,2.75,0.0,4,4,0,36.35,0,10000.0
114,13,15.12,2.84,0.0,4,4,0,38.14,0,10000.0
114,14,14.7,3.14,0.0,5,5,0,38.52,0,10000.0
114,15,14.52,3.38,0.0,5,5,0,41.76,0,10000.0
114,16,13.61,2.89,0.0,5,5,0,40.73,0,10000.0
114,17,14.6,2.76,0.0,5,5,0,39.62,0,10000.0
114,18,14.89,2.43,0.0,5,5,0,39.29,0,10000.0
114,19,14.65,2.49,0.0,5,5,0,41.42,0,10000.0
114,20,14.3,2.72,0.0,5,5,0,42.59,0,10000.0
114,21,14.4,2.6,0.0,5,5,0,42.67,0,10000.0
114,22,13.92,2.74,0.0,5,5,0,41.14,0,10000.0
115,0,8.91,1.52,0.15,5,5,0,25.14,1,4000.0
115,1,8.2,2.22,0.77,6,6,0,25.17,1,3900.0
115,2,7.67,2.36,0.72,7,7,0,25.27,1,3800.0
115,3,8.12,2.34,0.04,10,10,0,25.49,1,3700.0
115,4,8.36,3.21,0.67,12,12,0,25.87,1,3600.0
115,5,7.76,4.1,0.95,14,14,0,26.42,1,3500.0
115,6,7.16,4.5,2.23,17,17,0,27.19,1,3400.0
115,7,8.22,5.63,1.13,20,20,0,28.2,1,3300.0
115,8,9.0,6.88,2.22,23,23,0,29.49,1,3200.0
115,9,10.79,7.5,3.66,26,26,0,31.09,2,1500.3
115,10,15.04,9.49,4.04,30,31,0,33.02,2,1373.9
115,11,17.67,11.19,5.1,35,36,0,35.3,2,1126.7
115,12,21.47,13.5,4.92,39,40,1,37.98,2,985.8
115,13,23.97,15.39,7.41,43,44,1,41.07,2,903.6
115,14,28.45,18.08,7.78,48,50,2,44.61,2,1009.2
116,0,10.1,0.67,0.01,6,6,0,37.82,1,4000.0
116,1,11.04,-0.11,0.0,9,9,0,37.84,1,3900.0
116,2,11.54,-0.48,0.69,11,11,0,37.89,1,3800.0
116,3,12.15,-0.7,0.37,13,13,0,38.0,1,3700.0
116,4,10.88,-1.08,1.01,16,16,0,38.19,1,3600.0
116,5,11.12,-0.96,0.07,17,17,0,38.46,1,3500.0
116,6,11.97,-0.12,2.35,18,18,0,38.85,1,3400.0
116,7,12.83,-0.08,1.51,20,20,0,39.36,1,3300.0
116,8,11.84,0.68,1.15,22,22,0,40.01,1,3200.0
116,9,10.77,1.39,0.9,25,25,0,40.81,1,3100.0
116,10,12.74,2.49,1.49,26,26,0,41.77,1,3000.0
116,11,13.33,4.19,2.59,29,29,0,42.92,1,2900.0
116,12,15.24,5.08,1.87,31,31,0,44.27,1,2800.0
116,13,17.99,5.69,3.69,33,33,0,45.82,2,880.7
116,14,19.32,6.64,3.83,37,38,0,47.59,2,944.8
116,15,21.99,8.13,3.76,39,40,0,49.6,2,669.5
116,16,24.99,9.86,4.41,41,42,0,51.85,2,814.3
116,17,28.13,10.83,5.31,45,46,1,54.37,2,731.6
116,18,31.55,13.0,6.36,49,50,1,57.16,2,750.8
116,19,36.01,15.3,6.7,53,54,1,60.23,2,466.7
116,20,40.6,18.12,6.34,56,58,1,63.6,2,572.6
116,21,45.18,20.83,7.1,60,62,2,67.28,2,400.0
117,0,7.07,2.99,0.0,4,4,0,44.65,1,4000.0
117,1,6.52,3.02,0.0,6,6,0,44.66,1,3900.0
117,2,9.1,3.76,0.0,9,9,0,44.7,1,3800.0
117,3,9.81,4.27,0.0,12,12,0,44.79,1,3700.0
117,4,9.11,4.31,0.27,15,15,0,44.94,1,3600.0
117,5,10.35,4.32,0.3,18,18,0,45.16,1,3500.0
117,6,10.46,3.3,0.15,19,19,0,45.46,1,3400.0
117,7,11.15,3.79,1.75,21,21,0,45.87,1,3300.0
117,8,12.04,4.03,1.13,22,22,0,46.38,1,3200.0
117,9,11.47,4.58,1.15,23,23,0,47.02,1,3100.0
117,10,11.59,3.86,1.69,24,24,0,47.79,1,3000.0
117,11,12.84,4.4,2.31,26,26,0,48.7,1,2900.0
117,12,14.27,5.88,1.73,29,29,0,49.77,1,2800.0
117,13,16.01,6.95,3.33,31,31,0,51.0,1,2700.0
117,14,17.36,8.01,2.44,34,34,0,52.41,2,1063.6
117,15,20.4,8.8,3.0,37,37,0,54.0,2,807.2
117,16,21.6,9.66,3.38,39,40,0,55.79,2,893.5
117,17,24.01,11.01,4.12,43,44,0,57.79,2,795.8
117,18,26.91,12.41,4.86,46,47,0,60.01,2,481.0
117,19,29.26,14.31,5.56,51,52,1,62.45,2,436.2
117,20,32.97,16.65,6.28,56,57,1,65.12,2,497.2
117,21,36.0,19.23,5.55,59,60,1,68.05,2,400.0
117,22,38.35,22.58,7.31,62,63,1,71.23,2,400.0
117,23,41.09,25.17,6.83,67,69,2,74.67,2,400.0
117,24,44.8,27.6,8.26,71,73,2,78.38,2,400.0
118,0,12.9,2.0,0.0,5,5,0,41.9,0,10000.0
118,1,12.41,2.02,0.0,5,5,0,46.24,0,10000.0
118,2,12.74,2.18,0.0,5,5,0,46.85,0,10000.0
118,3,11.62,2.18,0.0,5,5,0,43.92,0,10000.0
118,4,12.07,2.14,0.0,6,6,0,41.83,0,10000.0
118,5,12.89,1.7,0.0,6,6,0,42.07,0,10000.0
118,6,11.82,1.85,0.0,6,6,0,44.13,0,10000.0
118,7,12.65,1.82,0.0,6,6,0,43.44,0,10000.0
118,8,12.26,1.78,0.0,6,6,0,44.66,0,10000.0
118,9,12.5,1.8,0.0,6,6,0,48.11,0,10000.0
118,10,12.25,2.09,0.0,6,6,0,50.89,0,10000.0
118,11,11.98,2.14,0.0,6,6,0,50.32,0,10000.0
118,12,11.48,1.99,0.1,6,6,0,50.28,0,10000.0
118,13,11.32,2.11,0.0,6,6,0,51.98,0,10000.0
118,14,10.53,2.32,0.0,6,6,0,51.25,0,10000.0
118,15,11.3,2.25,0.0,6,6,0,50.94,0,10000.0
118,16,11.53,2.3,0.0,6,6,0,49.66,0,10000.0
118,17,11.6,2.15,0.0,6,6,0,49.85,0,10000.0
118,18,10.58,2.07,0.0,6,6,0,50.96,0,10000.0
118,19,9.95,2.12,0.0,7,7,0,48.62,0,10000.0
119,0,12.31,2.3,0.0,5,5,0,36.66,0,10000.0
119,1,12.29,2.36,0.0,5,5,0,36.4,0,10000.0
119,2,12.33,2.66,0.0,5,5,0,32.99,0,10000.0
119,3,12.4,2.35,0.0,5,5,0,33.98,0,10000.0
119,4,12.26,2.29,0.0,5,5,0,34.54,0,10000.0
119,5,12.26,2.33,0.0,5,5,0,35.65,0,10000.0
119,6,12.36,2.25,0.0,5,5,0,34.01,0,10000.0
119,7,12.66,2.53,0.0,5,5,0,35.2,0,10000.0
119,8,12.74,2.07,0.0,5,5,0,34.62,0,10000.0
119,9,13.18,1.95,0.0,5,5,0,34.17,0,10000.0
119,10,13.76,1.88,0.0,5,5,0,34.47,0,10000.0
119,11,13.8,1.78,0.0,5,5,0,35.76,0,10000.0
119,12,14.44,1.96,0.0,5,5,0,34.49,0,10000.0
119,13,13.91,1.95,0.0,5,5,0,31.47,0,10000.0
119,14,13.75,1.69,0.0,5,5,0,33.78,0,10000.0
120,0,9.41,2.56,0.0,1,1,0,44.74,1,5580.5
120,1,9.86,2.74,0.02,1,1,0,44.86,1,5694.7
120,2,10.8,2.63,0.16,2,2,0,45.09,1,5762.1
120,3,10.93,3.01,0.13,2,2,0,45.44,1,6017.6
120,4,11.43,3.3,0.53,2,2,0,45.91,1,5511.8
120,5,10.57,3.61,0.79,3,3,0,46.5,1,5096.0
120,6,10.13,3.92,0.76,4,4,0,47.21,1,5129.0
120,7,9.92,4.8,1.03,4,4,0,48.03,1,4611.3
120,8,10.16,4.87,0.88,4,4,0,48.97,1,4677.3
120,9,10.67,5.33,1.47,4,5,0,50.03,1,4188.3
120,10,12.28,5.77,1.38,4,5,0,51.21,1,4496.4
120,11,13.1,6.32,1.32,4,5,0,52.5,1,4479.5
120,12,14.68,7.12,1.56,4,5,0,53.91,1,4372.0
120,13,16.21,7.48,1.98,4,5,0,55.44,1,4057.5
120,14,17.56,8.18,1.89,4,5,0,57.09,1,4195.8
120,15,18.69,8.75,1.73,4,5,0,58.86,1,3570.8
120,16,19.98,9.45,2.27,5,6,0,60.74,1,3256.8
121,0,12.45,1.49,0.69,4,4,0,22.6,1,4000.0
121,1,12.52,1.15,0.0,5,5,0,22.6,1,3900.0
121,2,14.29,1.25,0.0,7,7,0,22.64,1,3800.0
121,3,14.26,1.49,0.0,10,10,0,22.7,1,3700.0
121,4,14.92,2.39,0.56,12,12,0,22.81,1,3600.0
121,5,15.31,1.69,0.39,13,13,0,22.96,1,3500.0
121,6,14.87,2.22,0.76,16,16,0,23.19,1,3400.0
121,7,14.89,2.56,1.1,18,18,0,23.48,1,3300.0
121,8,15.28,2.93,1.21,20,20,0,23.85,1,3200.0
121,9,14.05,3.04,1.09,21,21,0,24.3,1,3100.0
121,10,14.32,2.87,1.15,23,23,0,24.86,1,3000.0
121,11,16.67,3.19,1.03,26,26,0,25.52,1,2900.0
121,12,18.78,3.65,1.75,27,27,0,26.28,1,2800.0
121,13,20.67,4.75,2.09,28,28,0,27.17,1,2700.0
121,14,21.86,5.57,1.66,31,31,0,28.19,1,2600.0
121,15,25.03,7.17,3.07,34,34,0,29.34,1,2500.0
121,16,27.02,7.54,1.82,36,36,0,30.63,1,2400.0
121,17,28.65,8.76,3.44,39,39,0,32.06,2,565.1
121,18,30.28,8.96,2.99,41,41,0,33.66,2,660.3
121,19,30.84,9.95,3.4,44,45,0,35.42,2,606.9
121,20,32.94,11.82,3.95,47,48,0,37.35,2,403.9
121,21,35.04,13.7,4.81,51,52,0,39.45,2,400.0
121,22,37.26,15.08,3.76,56,57,0,41.74,2,400.0
121,23,41.51,16.65,5.53,61,62,1,44.22,2,400.0
121,24,45.05,18.46,5.74,66,67,1,46.9,2,400.0
121,25,49.06,20.09,6.86,69,70,1,49.78,2,400.0
121,26,51.67,21.52,6.06,73,74,1,52.87,2,400.0
121,27,55.89,24.08,6.67,78,80,1,56.18,2,400.0
121,28,58.91,26.44,6.81,83,85,2,59.71,2,400.0
121,29,62.47,29.0,8.3,88,90,2,63.47,2,400.0
122,0,13.78,2.13,0.0,4,4,0,24.83,0,10000.0
122,1,14.29,1.54,0.0,4,4,0,23.4,0,10000.0
122,2,14.16,1.41,0.0,4,4,0,23.63,0,10000.0
122,3,14.93,1.57,0.0,4,4,0,24.57,0,10000.0
122,4,15.35,1.48,0.0,5,5,0,26.55,0,10000.0
122,5,15.52,1.48,0.0,5,5,0,27.22,0,10000.0
122,6,15.41,1.57,0.0,5,5,0,29.71,0,10000.0
122,7,15.69,1.36,0.0,5,5,0,30.23,0,10000.0
122,8,16.01,1.4,0.0,5,5,0,31.27,0,10000.0
122,9,16.76,2.05,0.0,5,5,0,31.22,0,10000.0
122,10,17.02,2.15,0.0,5,5,0,29.53,0,10000.0
122,11,16.59,2.43,0.0,5,5,0,31.19,0,10000.0
122,12,17.27,2.54,0.0,5,5,0,31.0,0,10000.0
122,13,17.16,2.53,0.0,5,5,0,29.8,0,10000.0
122,14,17.75,2.52,0.0,5,5,0,30.68,0,10000.0
122,15,18.09,2.59,0.0,5,5,0,33.58,0,10000.0
122,16,18.31,2.63,0.0,5,5,0,32.59,0,10000.0
122,17,18.51,2.48,0.0,5,5,0,28.96,0,10000.0
122,18,19.17,2.63,0.0,5,5,0,30.27,0,10000.0
122,19,19.32,2.62,0.0,5,5,0,29.67,0,10000.0
122,20,19.03,2.68,0.0,5,5,0,28.78,0,10000.0
122,21,18.5,3.09,0.0,5,5,0,31.37,0,10000.0
122,22,18.23,3.11,0.0,5,5,0,29.56,0,10000.0
122,23,18.4,3.23,0.0,5,5,0,29.43,0,10000.0
122,24,18.72,3.27,0.0,5,5,0,29.31,0,10000.0
122,25,18.11,3.28,0.0,5,5,0,28.95,0,10000.0
122,26,18.79,3.18,0.0,5,5,0,27.29,0,10000.0
122,27,18.31,3.1,0.0,5,5,0,27.42,0,10000.0
122,28,18.53,3.44,0.0,5,5,0,26.55,0,10000.0
123,0,12.76,1.43,0.0,2,2,0,27.82,0,10000.0
123,1,11.96,1.79,0.0,2,2,0,26.91,0,10000.0
123,2,11.97,1.67,0.0,3,3,0,26.07,0,10000.0
123,3,11.45,1.82,0.0,3,3,0,24.02,0,10000.0
123,4,10.33,1.75,0.0,3,3,0,21.44,0,10000.0
123,5,10.62,1.8,0.0,3,3,0,23.56,0,10000.0
123,6,10.43,1.93,0.0,3,3,0,21.37,0,10000.0
123,7,10.35,1.94,0.0,3,3,0,20.89,0,10000.0
123,8,9.32,2.34,0.0,3,3,0,20.26,0,10000.0
123,9,9.02,2.44,0.0,3,3,0,17.73,0,10000.0
123,10,9.83,2.55,0.0,3,3,0,16.77,0,10000.0
123,11,9.97,2.74,0.0,3,3,0,16.78,0,10000.0
123,12,10.55,2.58,0.0,3,3,0,14.71,0,10000.0
123,13,10.29,2.16,0.0,3,3,0,11.77,0,10000.0
123,14,10.8,2.15,0.0,3,3,0,10.45,0,10000.0
123,15,11.38,2.0,0.0,3,3,0,12.48,0,10000.0
123,16,12.02,1.92,0.0,3,3,0,11.92,0,10000.0
123,17,11.61,1.88,0.0,3,3,0,11.05,0,10000.0
123,18,11.68,1.81,0.0,3,3,0,10.0,0,10000.0
123,19,11.86,1.69,0.0,3,3,0,11.6,0,10000.0
123,20,11.89,2.0,0.0,3,3,0,10.15,0,10000.0
123,21,12.29,1.95,0.0,3,3,0,10.65,0,10000.0
123,22,12.15,2.01,0.0,3,3,0,11.24,0,10000.0
123,23,11.63,1.96,0.0,3,3,0,10.79,0,10000.0
123,24,11.4,1.89,0.0,3,3,0,11.16,0,10000.0
123,25,11.49,2.17,0.1,3,3,0,10.0,0,10000.0
123,26,11.32,2.18,0.0,3,3,0,11.44,0,10000.0
124,0,12.07,1.98,0.0,3,3,0,22.14,0,10000.0
124,1,12.51,1.9,0.0,3,3,0,24.88,0,10000.0
124,2,12.43,1.51,0.0,3,3,0,26.25,0,10000.0
124,3,13.27,1.7,0.0,3,3,0,28.48,0,10000.0
124,4,13.49,1.53,0.0,3,3,0,30.17,0,10000.0
124,5,13.78,1.48,0.0,3,3,0,31.43,0,10000.0
124,6,13.53,1.41,0.0,3,3,0,32.83,0,10000.0
124,7,13.73,1.32,0.0,3,3,0,34.63,0,10000.0
124,8,12.93,1.6,0.0,3,3,0,33.91,0,10000.0
124,9,13.33,1.59,0.0,3,3,0,36.06,0,10000.0
124,10,14.48,1.61,0.0,3,3,0,34.51,0,10000.0
124,11,14.39,1.65,0.0,3,3,0,33.76,0,10000.0
124,12,15.08,1.32,0.0,3,3,0,28.95,0,10000.0
124,13,15.08,1.31,0.0,3,3,0,30.26,0,10000.0
124,14,15.24,1.48,0.0,3,3,0,31.08,0,10000.0
124,15,16.36,1.63,0.0,3,3,0,31.09,0,10000.0
124,16,16.29,1.72,0.0,3,3,0,32.64,0,10000.0
125,0,15.09,0.73,0.0,0,0,0,27.07,1,5855.0
125,1,14.3,1.05,0.0,0,0,0,27.14,1,5733.9
125,2,13.97,1.02,0.08,0,0,0,27.28,1,5627.9
125,3,13.65,1.3,0.37,0,0,0,27.48,1,5803.1
125,4,14.1,1.49,0.28,0,0,0,27.76,1,5286.1
125,5,14.76,1.63,0.5,1,1,0,28.1,1,5249.4
125,6,15.43,2.01,0.4,1,1,0,28.52,1,5345.6
125,7,16.02,1.84,0.5,1,1,0,29.0,1,4938.8
125,8,16.49,1.3,0.75,2,2,0,29.55,1,4801.4
125,9,16.25,1.59,0.52,2,2,0,30.17,1,4722.2
125,10,16.39,1.35,0.44,3,3,0,30.86,1,4865.7
125,11,17.16,1.44,1.01,3,3,0,31.62,1,4513.8
125,12,16.77,1.94,1.11,3,3,0,32.45,1,4113.3
125,13,17.51,1.64,0.8,3,3,0,33.35,1,4042.2
125,14,18.62,1.44,1.11,3,3,0,34.31,1,3823.7
125,15,18.92,2.43,1.56,4,5,0,35.35,1,3679.5
125,16,19.58,2.98,1.41,4,5,0,36.45,1,3511.8
125,17,19.87,3.51,0.98,5,6,0,37.62,1,3397.9
125,18,20.23,3.96,1.35,5,6,0,38.86,1,3393.5
125,19,22.04,4.39,1.71,5,6,0,40.17,1,3196.3
125,20,22.64,4.96,1.38,5,6,0,41.55,1,2927.2
125,21,23.29,5.58,1.97,5,6,0,43.0,1,3022.9
125,22,24.36,6.33,1.35,5,6,0,44.52,1,2673.8
125,23,25.0,7.04,2.06,5,6,0,46.1,1,2651.0
125,24,26.45,7.59,1.48,5,6,0,47.76,1,2500.0
125,25,27.25,8.04,1.92,5,6,0,49.48,1,2500.0
125,26,28.8,8.59,2.28,5,6,0,51.28,1,2500.0
125,27,29.81,9.83,1.95,6,7,0,53.14,1,2500.0
125,28,32.18,10.76,2.13,7,8,0,55.07,1,2500.0
126,0,7.76,0.44,0.0,5,5,0,33.6,0,10000.0
126,1,7.86,0.44,0.0,5,5,0,32.51,0,10000.0
126,2,8.19,0.23,0.0,5,5,0,33.49,0,10000.0
126,3,7.48,0.25,0.0,5,5,0,34.88,0,10000.0
126,4,6.46,0.23,0.0,5,5,0,34.78,0,10000.0
126,5,6.18,0.25,0.0,5,5,0,34.17,0,10000.0
126,6,6.18,0.3,0.0,5,5,0,34.0,0,10000.0
126,7,6.0,0.41,0.0,5,5,0,36.31,0,10000.0
126,8,6.0,0.38,0.0,5,5,0,36.04,0,10000.0
126,9,6.0,0.45,0.0,5,5,0,35.02,0,10000.0
126,10,6.0,0.2,0.0,5,5,0,34.11,0,10000.0
126,11,6.0,0.3,0.0,5,5,0,31.57,0,10000.0
126,12,6.0,0.52,0.0,5,5,0,32.87,0,10000.0
126,13,6.0,0.47,0.0,5,5,0,30.75,0,10000.0
126,14,6.0,0.51,0.0,5,5,0,29.78,0,10000.0
126,15,6.0,0.69,0.0,5,5,0,31.92,0,10000.0
126,16,6.0,0.68,0.0,5,5,0,28.52,0,10000.0
126,17,6.97,0.6,0.0,5,5,0,28.87,0,10000.0
127,0,12.45,0.85,0.0,3,3,0,25.31,1,4000.0
127,1,12.73,0.44,0.87,4,4,0,25.32,1,3900.0
127,2,12.28,0.21,0.0,6,6,0,25.37,1,3800.0
127,3,10.8,-0.08,1.52,7,7,0,25.48,1,3700.0
127,4,11.93,-0.07,0.67,10,10,0,25.65,1,3600.0
127,5,11.51,-0.61,0.05,12,12,0,25.9,1,3500.0
127,6,10.79,-0.08,0.0,13,13,0,26.26,1,3400.0
127,7,12.86,0.72,0.69,14,14,0,26.73,1,3300.0
127,8,13.61,1.23,1.69,17,17,0,27.33,1,3200.0
127,9,15.54,2.28,1.43,20,20,0,28.07,1,3100.0
127,10,16.71,3.28,1.6,23,23,0,28.96,1,3000.0
127,11,19.99,3.35,2.12,26,26,0,30.02,1,2900.0
127,12,21.93,4.46,2.07,30,30,0,31.26,1,2800.0
127,13,23.73,4.99,3.27,32,32,0,32.69,2,1151.9
127,14,27.37,6.1,3.55,35,36,0,34.33,2,982.5
127,15,27.4,7.58,4.42,39,40,0,36.18,2,969.1
127,16,31.19,8.8,3.59,41,42,0,38.26,2,779.9
127,17,31.53,10.29,4.39,46,47,0,40.59,2,865.1
127,18,36.5,11.47,5.61,51,52,1,43.16,2,591.4
127,19,39.91,14.5,6.17,56,57,1,45.99,2,668.0
127,20,44.16,16.49,6.9,60,61,1,49.1,2,463.3
127,21,46.33,19.4,6.52,65,67,1,52.5,2,400.0
127,22,52.59,21.15,8.13,70,72,2,56.19,2,400.0
128,0,9.64,0.72,0.27,2,2,0,34.07,1,4000.0
128,1,7.89,0.15,0.0,4,4,0,34.09,1,3900.0
128,2,8.5,0.08,0.09,6,6,0,34.15,1,3800.0
128,3,7.85,-0.74,0.47,7,7,0,34.29,1,3700.0
128,4,8.4,-1.73,0.0,8,8,0,34.51,1,3600.0
128,5,9.86,-1.83,0.32,11,11,0,34.84,1,3500.0
128,6,11.41,-2.28,1.93,13,13,0,35.29,1,3400.0
128,7,11.23,-1.25,2.27,15,15,0,35.9,1,3300.0
128,8,11.67,-0.01,2.04,16,16,0,36.67,1,3200.0
128,9,14.19,0.94,2.81,17,17,0,37.62,1,3100.0
128,10,16.89,2.5,3.26,21,21,0,38.77,1,3000.0
128,11,18.95,3.57,3.05,25,25,0,40.13,1,2900.0
128,12,20.72,5.0,3.1,27,27,0,41.72,2,1008.8
128,13,22.44,6.74,3.54,29,30,0,43.57,2,1018.2
128,14,25.3,8.22,4.02,31,32,0,45.67,2,1065.7
128,15,28.14,9.25,5.42,35,36,0,48.05,2,770.7
128,16,30.4,11.69,5.67,40,41,1,50.73,2,756.1
128,17,35.07,14.32,6.94,45,46,1,53.72,2,739.8
128,18,40.43,16.11,6.76,49,51,1,57.03,2,618.3
128,19,44.11,19.89,7.43,53,55,2,60.67,2,400.0
129,0,9.88,1.15,0.0,1,1,0,27.45,1,4000.0
129,1,9.14,1.33,0.13,3,3,0,27.46,1,3900.0
129,2,7.74,1.71,0.0,4,4,0,27.5,1,3800.0
129,3,9.54,2.18,0.2,7,7,0,27.58,1,3700.0
129,4,9.64,2.39,0.25,10,10,0,27.72,1,3600.0
129,5,9.83,2.57,0.2,11,11,0,27.93,1,3500.0
129,6,10.91,3.33,0.0,13,13,0,28.21,1,3400.0
129,7,11.12,4.7,1.47,16,16,0,28.59,1,3300.0
129,8,13.08,5.03,2.25,18,18,0,29.07,1,3200.0
129,9,14.24,6.08,1.47,19,19,0,29.66,1,3100.0
129,10,16.17,6.7,1.38,20,20,0,30.38,1,3000.0
129,11,18.61,6.76,2.06,23,23,0,31.23,1,2900.0
129,12,18.75,6.91,1.85,24,24,0,32.22,1,2800.0
129,13,20.0,8.31,2.9,27,27,0,33.37,1,2700.0
129,14,23.02,9.11,3.09,29,29,0,34.68,1,2600.0
129,15,23.29,9.96,2.63,32,32,0,36.17,2,852.8
129,16,23.97,11.54,3.28,34,35,0,37.84,2,651.8
129,17,25.34,12.42,3.91,38,39,0,39.7,2,747.0
129,18,29.44,14.71,4.49,41,42,0,41.77,2,533.3
129,19,31.68,15.6,5.07,44,45,0,44.04,2,548.3
129,20,34.92,17.24,5.29,47,48,1,46.53,2,400.0
129,21,37.21,19.42,6.3,52,53,1,49.26,2,438.3
129,22,40.62,21.52,6.15,55,56,1,52.22,2,400.0
129,23,45.19,24.28,6.48,58,60,1,55.43,2,400.0
129,24,49.34,27.23,7.23,62,64,2,58.89,2,400.0
129,25,53.53,29.76,8.31,67,69,2,62.62,2,400.0
130,0,13.87,1.92,0.0,2,2,0,22.49,0,10000.0
130,1,13.22,1.66,0.0,2,2,0,24.08,0,10000.0
130,2,12.46,1.54,0.0,2,2,0,26.52,0,10000.0
130,3,12.13,1.72,0.0,2,2,0,25.89,0,10000.0
130,4,11.82,1.76,0.0,2,2,0,26.81,0,10000.0
130,5,11.5,1.87,0.0,2,2,0,26.09,0,10000.0
130,6,12.26,1.66,0.0,2,2,0,26.77,0,10000.0
130,7,12.57,1.94,0.0,2,2,0,23.78,0,10000.0
130,8,11.52,2.35,0.0,2,2,0,24.78,0,10000.0
130,9,10.96,2.22,0.0,2,2,0,26.05,0,10000.0
130,10,11.5,2.6,0.0,2,2,0,27.25,0,10000.0
130,11,12.64,3.04,0.0,2,2,0,26.16,0,10000.0
130,12,13.29,3.34,0.0,2,2,0,23.02,0,10000.0
130,13,13.26,3.31,0.0,2,2,0,24.12,0,10000.0
130,14,13.63,3.35,0.0,2,2,0,22.83,0,10000.0
130,15,13.87,3.3,0.0,2,2,0,23.73,0,10000.0
130,16,13.11,3.33,0.0,2,2,0,24.75,0,10000.0
130,17,13.29,3.2,0.0,2,2,0,24.2,0,10000.0
130,18,13.29,3.2,0.0,2,2,0,23.84,0,10000.0
130,19,11.66,3.36,0.0,2,2,0,23.09,0,10000.0
130,20,12.6,3.42,0.0,2,2,0,22.66,0,10000.0
130,21,12.92,3.3,0.0,2,2,0,22.54,0,10000.0
131,0,7.62,2.06,0.33,4,4,0,39.54,1,4000.0
131,1,7.86,2.24,0.0,5,5,0,39.55,1,3900.0
131,2,6.48,2.64,0.1,7,7,0,39.58,1,3800.0
131,3,7.03,2.81,0.2,10,10,0,39.66,1,3700.0
131,4,6.84,3.1,0.57,13,13,0,39.78,1,3600.0
131,5,7.64,3.7,0.56,15,15,0,39.96,1,3500.0
131,6,5.71,4.46,1.1,18,18,0,40.21,1,3400.0
131,7,5.76,5.39,1.23,19,19,0,40.54,1,3300.0
131,8,6.15,5.7,0.32,20,20,0,40.95,1,3200.0
131,9,6.6,6.03,0.86,22,22,0,41.47,1,3100.0
131,10,6.97,6.83,2.06,25,25,0,42.1,1,3000.0
131,11,6.96,7.54,1.67,26,26,0,42.84,1,2900.0
131,12,7.25,8.73,2.01,27,27,0,43.71,1,2800.0
131,13,10.2,9.85,2.26,29,29,0,44.72,1,2700.0
131,14,11.34,10.53,2.14,33,33,0,45.87,1,2600.0
131,15,13.59,10.51,2.7,36,36,0,47.17,1,2500.0
131,16,13.61,11.3,2.58,40,40,0,48.63,2,776.7
131,17,17.36,12.37,3.61,44,45,0,50.26,2,646.7
131,18,18.9,14.05,4.44,47,48,0,52.07,2,529.0
131,19,21.45,15.56,4.29,49,50,0,54.06,2,491.8
131,20,23.44,17.27,3.81,52,53,0,56.24,2,400.0
131,21,25.93,18.51,5.22,55,56,0,58.62,2,400.0
131,22,29.55,20.43,5.19,59,60,1,61.21,2,400.0
131,23,33.05,22.85,5.71,63,64,1,64.02,2,400.0
131,24,37.0,24.76,5.83,67,68,1,67.05,2,400.0
131,25,41.35,27.01,6.8,70,72,1,70.31,2,400.0
131,26,43.83,28.88,7.71,74,76,2,73.81,2,400.0
131,27,47.19,31.31,8.66,80,82,2,77.56,2,400.0
132,0,9.67,1.43,0.0,3,3,0,38.62,1,4000.0
132,1,11.21,1.58,0.0,4,4,0,38.65,1,3900.0
132,2,12.15,1.88,0.69,7,7,0,38.75,1,3800.0
132,3,12.6,1.87,0.99,9,9,0,38.94,1,3700.0
132,4,11.02,1.4,1.41,10,10,0,39.27,1,3600.0
132,5,12.89,1.19,0.83,12,12,0,39.76,1,3500.0
132,6,12.89,1.92,0.76,14,14,0,40.45,1,3400.0
132,7,14.13,2.1,2.04,15,15,0,41.35,1,3300.0
132,8,15.34,2.92,2.3,18,18,0,42.5,1,3200.0
132,9,17.43,4.2,3.42,20,20,0,43.92,2,1379.4
132,10,20.69,5.73,3.61,24,25,0,45.64,2,1395.1
132,11,23.09,6.88,3.98,26,27,0,47.68,2,1210.6
132,12,26.58,8.65,5.22,31,32,0,50.06,2,1166.7
132,13,31.0,10.54,5.84,35,36,1,52.81,2,1075.2
132,14,33.34,13.32,6.63,38,39,1,55.96,2,944.5
132,15,37.36,15.37,7.43,42,44,2,59.52,2,905.8
133,0,16.27,1.61,0.69,5,5,0,37.12,1,4000.0
133,1,15.36,0.74,0.0,7,7,0,37.14,1,3900.0
133,2,16.95,0.67,0.0,8,8,0,37.19,1,3800.0
133,3,16.58,1.95,1.02,9,9,0,37.29,1,3700.0
133,4,17.93,2.2,0.34,11,11,0,37.46,1,3600.0
133,5,17.54,3.73,1.46,12,12,0,37.72,1,3500.0
133,6,19.98,3.71,0.77,13,13,0,38.07,1,3400.0
133,7,21.86,3.95,0.92,14,14,0,38.54,1,3300.0
133,8,22.99,5.67,1.33,17,17,0,39.14,1,3200.0
133,9,22.4,6.28,1.46,18,18,0,39.88,1,3100.0
133,10,20.95,6.83,2.01,21,21,0,40.77,1,3000.0
133,11,22.7,7.75,1.52,22,22,0,41.83,1,2900.0
133,12,25.42,7.92,4.05,24,24,0,43.07,1,2800.0
133,13,27.2,9.07,3.11,27,27,0,44.51,2,1164.0
133,14,29.22,10.74,3.05,30,31,0,46.14,2,916.8
133,15,31.27,12.3,3.24,32,33,0,48.0,2,760.6
133,16,33.41,13.43,3.71,36,37,0,50.08,2,774.9
133,17,36.09,16.31,5.62,41,42,0,52.4,2,851.3
133,18,39.55,19.34,6.05,46,47,1,54.97,2,520.4
133,19,42.66,21.78,7.07,51,52,1,57.81,2,528.5
133,20,46.32,24.49,5.84,56,57,1,60.92,2,527.1
133,21,48.65,27.17,7.05,61,63,1,64.31,2,400.0
133,22,53.3,29.28,8.29,65,67,2,68.01,2,400.0
134,0,12.95,2.16,0.0,0,0,0,27.97,0,10000.0
134,1,11.95,2.13,0.0,0,0,0,28.76,0,10000.0
134,2,12.19,2.16,0.0,0,0,0,28.45,0,10000.0
134,3,12.24,2.16,0.0,0,0,0,29.34,0,10000.0
134,4,11.89,2.33,0.0,0,0,0,29.01,0,10000.0
134,5,11.77,2.36,0.0,0,0,0,26.55,0,10000.0
134,6,11.81,2.45,0.0,0,0,0,25.61,0,10000.0
134,7,11.41,2.37,0.0,0,0,0,27.57,0,10000.0
134,8,11.13,2.27,0.0,0,0,0,26.88,0,10000.0
134,9,11.27,2.16,0.0,0,0,0,28.51,0,10000.0
134,10,10.97,2.06,0.0,0,0,0,26.78,0,10000.0
134,11,9.97,2.15,0.0,0,0,0,24.52,0,10000.0
134,12,10.66,2.35,0.0,1,1,0,24.82,0,10000.0
134,13,10.86,2.55,0.0,1,1,0,26.15,0,10000.0
134,14,11.49,2.6,0.0,1,1,0,26.24,0,10000.0
134,15,11.25,2.57,0.0,1,1,0,25.49,0,10000.0
135,0,15.57,1.61,0.84,4,4,0,42.23,1,4000.0
135,1,16.41,1.59,0.0,6,6,0,42.25,1,3900.0
135,2,15.72,1.72,0.21,9,9,0,42.34,1,3800.0
135,3,16.98,1.35,0.0,12,12,0,42.51,1,3700.0
135,4,15.86,1.72,0.61,13,13,0,42.81,1,3600.0
135,5,15.6,2.21,0.98,14,14,0,43.25,1,3500.0
135,6,15.89,2.33,2.59,15,15,0,43.87,1,3400.0
135,7,18.5,2.71,1.47,18,18,0,44.68,1,3300.0
135,8,18.65,4.11,2.58,19,19,0,45.71,1,3200.0
135,9,21.08,4.88,1.82,21,21,0,46.98,1,3100.0
135,10,25.35,4.7,3.06,25,25,0,48.52,2,1299.3
135,11,25.54,6.27,3.54,27,28,0,50.34,2,1235.0
135,12,28.59,8.01,4.64,30,31,0,52.48,2,1177.9
135,13,32.19,9.83,4.66,35,36,1,54.95,2,927.4
135,14,35.62,11.9,5.98,39,40,1,57.77,2,903.8
135,15,38.52,13.61,6.91,42,43,1,60.96,2,957.5
135,16,42.65,16.07,7.79,48,50,2,64.55,2,953.0
136,0,9.04,0.81,0.0,0,0,0,44.13,0,10000.0
136,1,8.93,0.83,0.0,0,0,0,44.88,0,10000.0
136,2,8.69,0.84,0.0,0,0,0,42.56,0,10000.0
136,3,9.42,0.86,0.0,0,0,0,42.54,0,10000.0
136,4,10.41,0.45,0.0,0,0,0,44.49,0,10000.0
136,5,11.36,0.45,0.0,1,1,0,46.37,0,10000.0
136,6,11.98,0.48,0.0,1,1,0,47.82,0,10000.0
136,7,11.62,0.38,0.0,1,1,0,50.13,0,10000.0
136,8,11.85,0.61,0.0,1,1,0,51.79,0,10000.0
136,9,12.06,0.32,0.0,1,1,0,49.74,0,10000.0
136,10,11.55,0.23,0.0,1,1,0,48.39,0,10000.0
136,11,11.37,0.41,0.0,1,1,0,48.31,0,10000.0
136,12,12.2,0.66,0.0,1,1,0,47.33,0,10000.0
136,13,11.01,0.89,0.0,1,1,0,47.7,0,10000.0
136,14,10.89,0.89,0.0,1,1,0,48.55,0,10000.0
136,15,11.9,0.76,0.0,1,1,0,48.75,0,10000.0
136,16,12.24,0.76,0.0,1,1,0,49.87,0,10000.0
136,17,11.29,0.76,0.0,1,1,0,50.14,0,10000.0
136,18,11.11,0.52,0.0,1,1,0,53.09,0,10000.0
136,19,11.29,0.34,0.0,1,1,0,54.27,0,10000.0
136,20,11.41,0.23,0.0,1,1,0,52.93,0,10000.0
136,21,10.75,0.26,0.0,1,1,0,52.4,0,10000.0
136,22,11.18,0.42,0.0,1,1,0,51.75,0,10000.0
136,23,11.41,0.8,0.0,1,1,0,52.04,0,10000.0
136,24,10.66,0.49,0.0,1,1,0,51.14,0,10000.0
136,25,10.52,0.43,0.0,1,1,0,51.87,0,10000.0
136,26,10.05,0.35,0.0,1,1,0,50.67,0,10000.0
136,27,9.8,0.66,0.0,1,1,0,50.84,0,10000.0
136,28,10.01,0.64,0.0,1,1,0,49.55,0,10000.0
136,29,9.28,0.53,0.0,1,1,0,48.81,0,10000.0
137,0,12.8,2.0,0.0,5,5,0,41.02,1,5812.1
137,1,13.62,2.06,0.0,6,6,0,41.1,1,5608.7
137,2,13.72,2.01,0.23,6,6,0,41.28,1,5677.2
137,3,14.32,1.88,0.24,6,6,0,41.54,1,5687.6
137,4,14.96,2.22,0.37,6,6,0,41.89,1,5377.1
137,5,14.7,2.29,0.98,6,6,0,42.32,1,5460.5
137,6,15.89,2.63,0.72,6,6,0,42.84,1,5234.5
137,7,16.93,2.82,0.39,6,6,0,43.45,1,4755.6
137,8,17.39,2.6,0.95,6,6,0,44.15,1,4731.4
137,9,17.41,3.31,0.86,6,6,0,44.93,1,5005.6
137,10,18.11,3.23,0.87,6,6,0,45.8,1,4666.3
137,11,18.78,3.81,1.27,7,7,0,46.76,1,4631.3
137,12,19.53,3.92,1.12,7,8,0,47.8,1,4051.4
137,13,21.32,4.42,1.2,7,8,0,48.93,1,4032.5
137,14,22.65,4.81,1.6,8,9,0,50.15,1,4111.5
137,15,23.73,5.18,1.32,8,9,0,51.45,1,3596.3
137,16,25.63,5.86,1.38,8,9,0,52.84,1,3491.7
137,17,26.49,6.59,1.8,8,9,0,54.32,1,3373.6
137,18,28.14,6.95,1.99,8,9,0,55.89,1,3596.9
137,19,29.83,7.51,1.74,8,9,0,57.54,1,3284.7
137,20,32.63,8.3,2.02,8,9,0,59.28,1,2856.0
137,21,33.61,9.03,2.18,8,9,0,61.1,1,2873.2
137,22,34.96,10.14,2.03,8,9,0,63.02,1,2591.5
138,0,9.46,2.28,0.0,3,3,0,34.61,0,10000.0
138,1,9.47,2.3,0.0,3,3,0,34.55,0,10000.0
138,2,8.96,2.34,0.0,3,3,0,35.08,0,10000.0
138,3,8.67,2.27,0.0,3,3,0,35.19,0,10000.0
138,4,7.44,2.03,0.0,3,3,0,37.96,0,10000.0
138,5,8.08,1.96,0.0,3,3,0,34.9,0,10000.0
138,6,8.33,1.78,0.0,3,3,0,33.93,0,10000.0
138,7,8.23,1.98,0.0,3,3,0,34.62,0,10000.0
138,8,7.99,1.68,0.0,3,3,0,33.2,0,10000.0
138,9,8.24,1.51,0.0,3,3,0,31.97,0,10000.0
138,10,8.32,1.34,0.0,3,3,0,31.23,0,10000.0
138,11,8.21,1.69,0.0,3,3,0,29.42,0,10000.0
138,12,8.63,1.75,0.0,3,3,0,30.05,0,10000.0
138,13,8.34,1.93,0.0,3,3,0,30.28,0,10000.0
138,14,8.27,2.02,0.0,3,3,0,30.75,0,10000.0
138,15,8.74,1.55,0.0,3,3,0,31.54,0,10000.0
138,16,8.87,1.42,0.0,3,3,0,29.36,0,10000.0
138,17,8.69,1.15,0.0,3,3,0,29.39,0,10000.0
138,18,8.55,1.04,0.0,3,3,0,27.59,0,10000.0
138,19,8.23,0.98,0.0,3,3,0,28.85,0,10000.0
138,20,7.49,0.89,0.0,3,3,0,29.63,0,10000.0
139,0,15.84,0.91,0.29,6,6,0,37.49,1,4000.0
139,1,14.59,1.67,0.05,8,8,0,37.5,1,3900.0
139,2,15.42,1.27,0.0,9,9,0,37.53,1,3800.0
139,3,16.87,1.68,0.0,11,11,0,37.6,1,3700.0
139,4,17.39,1.9,0.01,14,14,0,37.71,1,3600.0
139,5,15.76,1.87,0.41,15,15,0,37.88,1,3500.0
139,6,17.19,1.4,1.09,18,18,0,38.11,1,3400.0
139,7,18.42,1.5,0.25,20,20,0,38.42,1,3300.0
139,8,17.42,1.21,0.95,22,22,0,38.82,1,3200.0
139,9,17.7,1.41,0.4,25,25,0,39.3,1,3100.0
139,10,17.27,1.93,1.87,28,28,0,39.89,1,3000.0
139,11,17.03,2.92,0.84,30,30,0,40.59,1,2900.0
139,12,17.69,3.44,2.49,31,31,0,41.41,1,2800.0
139,13,17.43,4.31,1.73,32,32,0,42.35,1,2700.0
139,14,18.7,4.26,2.52,35,35,0,43.43,1,2600.0
139,15,18.92,5.36,2.8,37,37,0,44.65,1,2500.0
139,16,21.85,5.57,3.66,39,39,0,46.02,1,2400.0
139,17,24.57,6.63,2.5,42,42,0,47.55,2,744.1
139,18,25.99,7.58,4.16,46,47,0,49.25,2,768.3
139,19,27.51,9.32,4.17,48,49,0,51.12,2,400.0
139,20,29.02,9.97,4.2,52,53,0,53.17,2,400.0
139,21,32.41,11.15,5.38,56,57,0,55.4,2,400.0
139,22,34.95,12.54,5.08,59,60,1,57.84,2,400.0
139,23,38.26,13.94,5.64,62,63,1,60.47,2,400.0
139,24,40.25,15.2,6.8,65,66,1,63.32,2,400.0
139,25,42.93,17.88,5.74,69,70,1,66.38,2,400.0
139,26,45.47,20.19,7.42,73,75,1,69.67,2,400.0
139,27,50.77,22.58,7.86,78,80,2,73.18,2,400.0
139,28,56.05,24.99,8.18,83,85,2,76.94,2,400.0
140,0,9.42,0.83,0.03,0,0,0,30.78,1,5900.2
140,1,8.85,0.87,0.0,1,1,0,30.86,1,5777.4
140,2,9.17,1.21,0.18,1,1,0,31.02,1,5827.0
140,3,9.72,1.45,0.0,1,1,0,31.26,1,5214.4
140,4,10.1,1.29,0.42,1,1,0,31.58,1,5434.9
140,5,10.65,1.22,0.61,1,1,0,31.98,1,5113.9
140,6,10.53,1.13,0.55,2,2,0,32.46,1,5533.3
140,7,11.21,1.54,0.16,2,2,0,33.02,1,5059.1
140,8,11.8,1.64,0.72,2,2,0,33.66,1,4846.6
140,9,12.37,1.71,0.52,2,2,0,34.38,1,4920.7
140,10,12.55,2.21,0.5,2,2,0,35.18,1,4620.0
140,11,13.54,2.28,0.44,2,2,0,36.06,1,4410.2
140,12,14.4,2.44,1.06,2,2,0,37.02,1,4396.9
140,13,14.07,3.13,1.03,2,3,0,38.06,1,4083.6
140,14,14.3,3.03,1.18,2,3,0,39.18,1,3959.1
140,15,14.66,3.43,1.08,2,3,0,40.38,1,3735.9
140,16,15.4,3.71,1.63,2,3,0,41.66,1,3637.7
140,17,16.83,4.21,1.19,2,3,0,43.02,1,3356.1
140,18,18.88,4.39,1.37,2,3,0,44.46,1,3340.2
140,19,19.73,5.55,1.72,2,3,0,45.98,1,3454.3
140,20,20.82,6.13,1.79,2,3,0,47.58,1,3019.3
140,21,21.95,6.73,1.55,2,3,0,49.26,1,2744.2
140,22,23.17,7.12,1.67,2,3,0,51.02,1,2905.3
140,23,25.28,7.36,2.17,3,4,0,52.86,1,2500.0
140,24,26.58,8.38,2.02,4,5,0,54.78,1,2500.0
141,0,13.83,0.56,0.49,3,3,0,42.52,1,4000.0
141,1,14.63,0.03,0.0,5,5,0,42.53,1,3900.0
141,2,15.0,0.32,0.0,7,7,0,42.57,1,3800.0
141,3,14.04,-0.01,0.0,8,8,0,42.66,1,3700.0
141,4,13.26,0.1,0.42,9,9,0,42.81,1,3600.0
141,5,12.05,0.05,0.0,12,12,0,43.03,1,3500.0
141,6,11.48,0.64,0.39,14,14,0,43.34,1,3400.0
141,7,10.52,0.96,0.4,16,16,0,43.74,1,3300.0
141,8,10.2,1.53,0.01,18,18,0,44.26,1,3200.0
141,9,10.38,2.07,1.94,20,20,0,44.89,1,3100.0
141,10,14.29,3.15,1.11,22,22,0,45.66,1,3000.0
141,11,16.7,3.49,1.68,25,25,0,46.57,1,2900.0
141,12,18.28,4.32,2.93,28,28,0,47.64,1,2800.0
141,13,20.4,5.35,2.44,30,30,0,48.87,1,2700.0
141,14,20.84,5.62,2.98,33,33,0,50.28,2,835.1
141,15,22.54,6.8,3.33,37,37,0,51.88,2,823.5
141,16,26.53,8.4,4.13,39,40,0,53.67,2,575.9
141,17,28.34,11.25,4.48,43,44,0,55.67,2,752.4
141,18,31.5,12.01,4.45,46,47,0,57.88,2,684.3
141,19,33.0,13.43,4.55,51,52,1,60.32,2,549.8
141,20,36.53,14.38,6.09,54,55,1,63.0,2,418.7
141,21,39.82,16.55,6.15,59,60,1,65.92,2,400.0
141,22,41.75,18.48,6.8,63,64,1,69.1,2,400.0
141,23,46.51,20.49,7.46,69,71,2,72.54,2,400.0
141,24,51.45,23.52,8.55,73,75,2,76.26,2,400.0
142,0,8.96,1.86,0.0,2,2,0,18.71,0,10000.0
142,1,9.25,2.11,0.0,2,2,0,16.78,0,10000.0
142,2,8.91,2.2,0.0,2,2,0,17.01,0,10000.0
142,3,9.2,1.82,0.0,2,2,0,15.33,0,10000.0
142,4,8.77,1.97,0.0,2,2,0,17.14,0,10000.0
142,5,9.25,1.98,0.0,3,3,0,16.9,0,10000.0
142,6,9.76,2.38,0.0,3,3,0,17.77,0,10000.0
142,7,9.62,2.78,0.0,3,3,0,15.14,0,10000.0
142,8,9.39,2.67,0.0,3,3,0,15.87,0,10000.0
142,9,8.99,2.62,0.0,3,3,0,15.98,0,10000.0
142,10,8.72,2.48,0.0,3,3,0,13.7,0,10000.0
142,11,7.85,2.39,0.0,3,3,0,13.59,0,10000.0
142,12,7.34,2.32,0.0,3,3,0,14.67,0,10000.0
142,13,6.59,2.59,0.0,3,3,0,16.63,0,10000.0
142,14,6.49,2.55,0.0,3,3,0,16.74,0,10000.0
142,15,6.62,2.78,0.0,3,3,0,16.61,0,10000.0
142,16,7.62,2.42,0.0,3,3,0,14.88,0,10000.0
142,17,7.68,2.5,0.0,3,3,0,15.32,0,10000.0
142,18,7.55,2.57,0.0,3,3,0,14.05,0,10000.0
142,19,7.09,2.55,0.0,3,3,0,16.47,0,10000.0
142,20,7.6,2.53,0.0,3,3,0,14.4,0,10000.0
143,0,11.54,0.81,0.0,1,1,0,36.81,1,4000.0
143,1,12.51,1.0,0.0,3,3,0,36.82,1,3900.0
143,2,13.58,1.73,0.0,5,5,0,36.85,1,3800.0
143,3,13.97,0.64,0.48,8,8,0,36.92,1,3700.0
143,4,12.99,0.36,0.02,10,10,0,37.03,1,3600.0
143,5,12.5,0.0,0.0,13,13,0,37.2,1,3500.0
143,6,11.31,-0.3,1.45,14,14,0,37.43,1,3400.0
143,7,11.83,0.63,0.0,16,16,0,37.74,1,3300.0
143,8,10.96,0.73,0.45,19,19,0,38.14,1,3200.0
143,9,11.7,0.57,0.77,21,21,0,38.62,1,3100.0
143,10,11.79,0.84,1.79,23,23,0,39.21,1,3000.0
143,11,11.64,1.76,1.63,25,25,0,39.91,1,2900.0
143,12,12.32,2.44,2.4,26,26,0,40.73,1,2800.0
143,13,14.15,2.49,2.29,27,27,0,41.67,1,2700.0
143,14,14.36,3.86,2.56,29,29,0,42.75,1,2600.0
143,15,14.89,4.54,2.53,32,32,0,43.97,1,2500.0
143,16,15.36,5.08,2.53,35,35,0,45.34,1,2400.0
143,17,17.68,6.0,3.59,38,38,0,46.87,2,559.3
143,18,19.48,6.96,3.88,41,42,0,48.57,2,515.4
143,19,20.01,7.33,4.11,44,45,0,50.44,2,402.4
143,20,23.34,8.94,3.99,48,49,0,52.49,2,431.8
143,21,24.27,10.16,5.27,51,52,0,54.72,2,400.0
143,22,27.44,12.22,4.76,54,55,1,57.16,2,400.0
143,23,29.01,13.66,6.29,58,59,1,59.79,2,400.0
143,24,33.57,15.11,6.17,62,63,1,62.64,2,400.0
143,25,37.3,17.19,5.29,67,68,1,65.7,2,400.0
143,26,41.28,18.73,7.6,71,73,1,68.98,2,400.0
143,27,45.06,21.28,7.41,77,79,2,72.5,2,400.0
143,28,48.57,24.41,8.03,82,84,2,76.26,2,400.0
144,0,9.61,0.79,0.0,3,3,0,35.54,1,4000.0
144,1,10.4,2.04,0.41,4,4,0,35.57,1,3900.0
144,2,11.03,2.26,0.31,6,6,0,35.64,1,3800.0
144,3,11.92,2.57,0.0,7,7,0,35.8,1,3700.0
144,4,13.1,3.07,0.77,9,9,0,36.07,1,3600.0
144,5,14.68,3.56,1.56,10,10,0,36.47,1,3500.0
144,6,14.07,4.69,1.56,12,12,0,37.02,1,3400.0
144,7,14.57,5.65,2.15,15,15,0,37.75,1,3300.0
144,8,15.16,6.15,3.13,16,16,0,38.68,1,3200.0
144,9,15.7,7.11,1.17,20,20,0,39.83,1,3100.0
144,10,18.25,8.51,2.76,24,24,0,41.22,1,3000.0
144,11,19.9,9.9,3.32,26,27,0,42.87,2,1179.4
144,12,22.3,11.88,4.13,29,30,0,44.79,2,1212.9
144,13,24.74,13.71,4.04,33,34,0,47.02,2,1107.9
144,14,26.04,16.09,4.72,36,37,1,49.57,2,948.4
144,15,30.12,18.37,6.43,39,40,1,52.45,2,735.7
144,16,33.15,20.13,6.74,43,45,1,55.68,2,849.1
144,17,36.91,22.55,8.04,47,49,2,59.29,2,600.0
145,0,8.48,1.73,0.0,2,2,0,22.45,0,10000.0
145,1,8.05,1.98,0.0,2,2,0,25.37,0,10000.0
145,2,8.3,1.82,0.0,2,2,0,25.58,0,10000.0
145,3,6.99,1.95,0.0,2,2,0,24.85,0,10000.0
145,4,6.68,1.97,0.0,2,2,0,22.27,0,10000.0
145,5,6.0,1.95,0.0,2,2,0,23.07,0,10000.0
145,6,6.0,1.56,0.0,2,2,0,23.23,0,10000.0
145,7,6.71,1.55,0.0,2,2,0,23.71,0,10000.0
145,8,6.75,2.01,0.0,2,2,0,24.96,0,10000.0
145,9,6.73,1.97,0.0,2,2,0,25.44,0,10000.0
145,10,6.27,1.99,0.0,2,2,0,26.54,0,10000.0
145,11,6.51,2.01,0.0,2,2,0,27.92,0,10000.0
145,12,6.12,1.99,0.0,2,2,0,27.84,0,10000.0
145,13,6.57,1.72,0.0,2,2,0,25.94,0,10000.0
145,14,6.89,1.84,0.0,2,2,0,29.49,0,10000.0
145,15,6.39,1.88,0.0,2,2,0,30.3,0,10000.0
145,16,6.0,1.75,0.0,2,2,0,30.65,0,10000.0
145,17,6.12,1.97,0.0,2,2,0,29.4,0,10000.0
145,18,6.12,1.93,0.0,2,2,0,30.03,0,10000.0
145,19,6.0,1.78,0.0,2,2,0,30.64,0,10000.0
145,20,6.0,1.68,0.0,2,2,0,27.58,0,10000.0
145,21,6.0,1.48,0.0,2,2,0,26.06,0,10000.0
145,22,6.0,1.2,0.0,2,2,0,26.66,0,10000.0
145,23,6.27,1.25,0.0,2,2,0,27.45,0,10000.0
146,0,9.84,2.47,0.0,0,0,0,38.7,0,10000.0
146,1,9.43,2.48,0.0,0,0,0,37.86,0,10000.0
146,2,9.19,2.7,0.1,0,0,0,37.15,0,10000.0
146,3,9.68,2.75,0.0,0,0,0,38.25,0,10000.0
146,4,9.76,2.74,0.0,0,0,0,38.87,0,10000.0
146,5,10.14,2.78,0.0,0,0,0,38.18,0,10000.0
146,6,10.17,2.92,0.0,0,0,0,40.17,0,10000.0
146,7,10.25,3.09,0.0,0,0,0,39.48,0,10000.0
146,8,10.51,3.21,0.0,0,0,0,39.03,0,10000.0
146,9,10.34,3.09,0.0,0,0,0,40.51,0,10000.0
146,10,10.48,3.09,0.0,0,0,0,39.85,0,10000.0
146,11,10.07,3.14,0.0,0,0,0,38.5,0,10000.0
146,12,9.37,3.46,0.0,0,0,0,39.31,0,10000.0
146,13,9.07,3.3,0.0,0,0,0,40.69,0,10000.0
146,14,8.64,3.67,0.0,0,0,0,41.39,0,10000.0
146,15,8.75,3.78,0.0,0,0,0,41.98,0,10000.0
146,16,8.91,3.85,0.0,0,0,0,42.79,0,10000.0
146,17,8.38,3.93,0.0,0,0,0,42.23,0,10000.0
147,0,11.03,2.13,0.0,4,4,0,28.87,0,10000.0
147,1,10.44,2.22,0.0,5,5,0,28.36,0,10000.0
147,2,10.2,2.4,0.0,5,5,0,28.88,0,10000.0
147,3,10.04,2.36,0.0,5,5,0,27.29,0,10000.0
147,4,10.09,2.41,0.0,5,5,0,25.93,0,10000.0
147,5,10.33,2.0,0.0,5,5,0,23.44,0,10000.0
147,6,10.57,1.89,0.0,5,5,0,22.82,0,10000.0
147,7,10.28,2.01,0.0,5,5,0,20.83,0,10000.0
147,8,9.78,1.54,0.0,5,5,0,23.71,0,10000.0
147,9,9.76,1.57,0.0,5,5,0,25.26,0,10000.0
147,10,10.08,1.75,0.0,5,5,0,24.42,0,10000.0
147,11,10.58,1.63,0.0,5,5,0,24.38,0,10000.0
147,12,10.63,1.63,0.0,5,5,0,26.04,0,10000.0
147,13,10.3,1.64,0.0,5,5,0,28.37,0,10000.0
147,14,9.98,1.71,0.0,5,5,0,28.27,0,10000.0
147,15,10.4,1.8,0.0,5,5,0,28.85,0,10000.0
147,16,10.03,1.79,0.0,5,5,0,28.5,0,10000.0
147,17,9.47,1.68,0.0,5,5,0,29.78,0,10000.0
147,18,9.44,1.63,0.0,5,5,0,31.53,0,10000.0
147,19,8.94,1.61,0.0,5,5,0,32.01,0,10000.0
148,0,9.43,1.35,0.0,5,5,0,29.13,0,10000.0
148,1,9.68,1.14,0.0,5,5,0,28.2,0,10000.0
148,2,8.99,1.18,0.0,5,5,0,28.83,0,10000.0
148,3,9.31,0.91,0.0,5,5,0,28.29,0,10000.0
148,4,9.39,0.82,0.0,5,5,0,29.96,0,10000.0
148,5,10.33,1.25,0.0,5,5,0,28.51,0,10000.0
148,6,10.4,1.21,0.0,5,5,0,29.24,0,10000.0
148,7,11.46,1.33,0.0,5,5,0,27.87,0,10000.0
148,8,11.74,1.58,0.0,5,5,0,26.37,0,10000.0
148,9,12.48,1.85,0.0,5,5,0,26.6,0,10000.0
148,10,12.63,1.88,0.0,5,5,0,25.91,0,10000.0
148,11,12.53,1.87,0.0,5,5,0,27.09,0,10000.0
148,12,12.33,1.77,0.0,5,5,0,30.08,0,10000.0
148,13,12.06,1.83,0.0,5,5,0,32.76,0,10000.0
148,14,12.87,1.92,0.0,5,5,0,34.23,0,10000.0
148,15,12.96,1.76,0.0,5,5,0,33.88,0,10000.0
148,16,12.56,1.77,0.0,5,5,0,30.69,0,10000.0
148,17,12.31,2.11,0.0,5,5,0,30.86,0,10000.0
149,0,9.45,1.58,0.0,2,2,0,47.49,0,10000.0
149,1,8.87,1.69,0.0,2,2,0,49.0,0,10000.0
149,2,9.17,1.62,0.0,2,2,0,50.74,0,10000.0
149,3,8.66,1.94,0.0,2,2,0,51.36,0,10000.0
149,4,8.31,1.43,0.0,2,2,0,51.1,0,10000.0
149,5,7.31,1.52,0.1,2,2,0,52.34,0,10000.0
149,6,7.45,1.75,0.0,2,2,0,50.73,0,10000.0
149,7,7.16,1.74,0.0,2,2,0,51.18,0,10000.0
149,8,7.2,1.59,0.0,2,2,0,53.34,0,10000.0
149,9,7.32,1.89,0.0,2,2,0,52.4,0,10000.0
149,10,6.87,2.32,0.0,2,2,0,49.78,0,10000.0
149,11,6.9,2.5,0.0,2,2,0,50.24,0,10000.0
149,12,6.98,2.24,0.0,2,2,0,48.45,0,10000.0
149,13,7.92,2.45,0.0,2,2,0,49.56,0,10000.0
149,14,8.08,2.19,0.0,2,2,0,49.3,0,10000.0
149,15,8.2,1.98,0.0,2,2,0,49.78,0,10000.0
150,0,10.93,1.55,0.0,5,5,0,25.2,0,10000.0
150,1,10.3,1.33,0.0,5,5,0,20.98,0,10000.0
150,2,10.13,1.18,0.0,5,5,0,22.56,0,10000.0
150,3,10.3,1.21,0.0,5,5,0,21.56,0,10000.0
150,4,10.24,0.97,0.0,5,5,0,19.44,0,10000.0
150,5,10.95,0.92,0.0,5,5,0,17.22,0,10000.0
150,6,11.04,0.78,0.0,5,5,0,15.19,0,10000.0
150,7,11.89,0.85,0.0,5,5,0,13.71,0,10000.0
150,8,11.99,0.71,0.0,5,5,0,13.59,0,10000.0
150,9,12.71,0.71,0.0,5,5,0,11.28,0,10000.0
150,10,12.21,0.75,0.0,5,5,0,11.5,0,10000.0
150,11,11.87,0.5,0.0,5,5,0,11.0,0,10000.0
150,12,11.51,0.38,0.0,5,5,0,10.95,0,10000.0
150,13,12.74,0.46,0.0,5,5,0,10.38,0,10000.0
150,14,13.2,0.52,0.0,5,5,0,10.0,0,10000.0
150,15,13.36,0.31,0.0,5,5,0,10.0,0,10000.0
150,16,12.41,0.43,0.0,5,5,0,10.19,0,10000.0
150,17,11.54,0.44,0.0,5,5,0,11.37,0,10000.0
150,18,11.93,0.53,0.0,5,5,0,11.98,0,10000.0
150,19,11.44,0.53,0.0,5,5,0,13.85,0,10000.0
150,20,11.59,0.2,0.0,5,5,0,13.62,0,10000.0
151,0,11.7,1.67,0.11,6,6,0,32.37,1,4000.0
151,1,11.23,1.65,0.0,8,8,0,32.39,1,3900.0
151,2,10.66,1.06,0.4,9,9,0,32.47,1,3800.0
151,3,10.9,1.24,0.0,10,10,0,32.65,1,3700.0
151,4,11.12,1.18,0.6,11,11,0,32.95,1,3600.0
151,5,12.97,0.76,1.05,14,14,0,33.39,1,3500.0
151,6,14.58,1.29,0.22,15,15,0,34.0,1,3400.0
151,7,14.92,2.28,0.85,18,18,0,34.81,1,3300.0
151,8,16.6,2.71,1.67,21,21,0,35.84,1,3200.0
151,9,18.08,3.54,2.67,25,25,0,37.11,1,3100.0
151,10,20.11,5.76,3.37,29,29,0,38.65,2,1274.0
151,11,24.2,8.33,3.42,31,32,0,40.48,2,1214.0
151,12,26.05,9.85,5.25,33,34,0,42.62,2,1002.7
151,13,29.26,12.06,6.07,36,37,1,45.09,2,947.8
151,14,32.34,13.44,6.52,40,41,1,47.91,2,828.7
151,15,36.96,15.98,6.84,45,46,1,51.1,2,764.9
151,16,40.35,19.48,7.7,49,51,2,54.69,2,719.6
152,0,9.81,0.79,0.0,2,2,0,20.37,1,5701.8
152,1,9.41,0.5,0.09,2,2,0,20.47,1,5930.9
152,2,8.41,0.5,0.0,3,3,0,20.69,1,5882.0
152,3,8.6,0.79,0.3,3,3,0,21.0,1,5267.4
152,4,8.12,0.93,0.91,3,3,0,21.42,1,5353.8
152,5,8.96,0.85,0.78,3,3,0,21.95,1,4926.9
152,6,9.65,1.38,0.75,3,3,0,22.58,1,5300.3
152,7,10.3,1.61,0.46,3,3,0,23.32,1,4716.3
152,8,10.54,1.76,0.84,3,3,0,24.16,1,4991.8
152,9,10.82,2.31,0.87,3,3,0,25.11,1,4365.3
152,10,12.79,2.73,1.28,3,4,0,26.16,1,4309.2
152,11,14.33,3.63,1.2,3,4,0,27.32,1,4306.2
152,12,14.77,3.61,1.51,4,5,0,28.58,1,4247.7
152,13,15.32,4.39,1.44,4,5,0,29.95,1,4007.2
152,14,17.36,5.05,1.75,4,5,0,31.42,1,3940.1
152,15,19.41,5.35,2.01,4,5,0,33.0,1,3798.8
152,16,20.85,6.4,2.06,4,5,0,34.69,1,3568.5
152,17,22.32,6.74,1.94,4,5,0,36.47,1,3420.7
152,18,22.42,6.84,2.08,4,5,0,38.37,1,3094.7
153,0,12.6,1.42,1.41,3,3,0,29.03,1,4000.0
153,1,12.02,0.9,0.42,4,4,0,29.03,1,3900.0
153,2,11.5,0.88,0.0,7,7,0,29.07,1,3800.0
153,3,13.85,1.36,0.13,10,10,0,29.13,1,3700.0
153,4,13.36,1.63,0.38,12,12,0,29.23,1,3600.0
153,5,13.82,1.65,0.02,13,13,0,29.39,1,3500.0
153,6,15.81,1.99,1.35,15,15,0,29.61,1,3400.0
153,7,17.19,2.42,1.22,18,18,0,29.91,1,3300.0
153,8,17.48,2.79,0.76,21,21,0,30.28,1,3200.0
153,9,19.68,2.69,0.92,22,22,0,30.73,1,3100.0
153,10,19.34,3.63,0.4,25,25,0,31.29,1,3000.0
153,11,19.67,5.25,2.09,28,28,0,31.95,1,2900.0
153,12,18.92,5.74,2.05,30,30,0,32.71,1,2800.0
153,13,19.71,5.94,1.89,32,32,0,33.6,1,2700.0
153,14,21.24,6.45,2.47,35,35,0,34.62,1,2600.0
153,15,22.84,7.06,2.14,38,38,0,35.77,1,2500.0
153,16,24.28,7.79,2.65,41,41,0,37.06,1,2400.0
153,17,25.46,8.87,3.04,45,45,0,38.49,2,602.1
153,18,29.43,10.26,3.8,47,47,0,40.09,2,766.2
153,19,30.93,11.21,4.3,49,50,0,41.85,2,414.9
153,20,33.77,12.83,4.21,51,52,0,43.78,2,516.0
153,21,36.73,13.93,4.8,53,54,0,45.88,2,400.0
153,22,39.12,15.92,4.14,57,58,0,48.17,2,400.0
153,23,44.35,17.15,5.22,61,62,1,50.65,2,400.0
153,24,47.83,18.35,6.49,66,67,1,53.33,2,400.0
153,25,52.46,21.13,6.03,70,71,1,56.21,2,400.0
153,26,56.08,23.2,6.67,73,74,1,59.3,2,400.0
153,27,59.24,25.08,7.02,77,79,1,62.61,2,400.0
153,28,64.9,27.68,7.68,81,83,2,66.14,2,400.0
153,29,68.54,30.65,7.4,85,87,2,69.9,2,400.0
154,0,13.92,1.78,0.0,6,6,0,30.82,1,4000.0
154,1,12.69,2.66,0.17,8,8,0,30.83,1,3900.0
154,2,13.23,2.71,0.0,11,11,0,30.87,1,3800.0
154,3,12.49,2.99,0.72,12,12,0,30.95,1,3700.0
154,4,11.82,3.72,0.54,15,15,0,31.08,1,3600.0
154,5,11.0,3.67,0.6,16,16,0,31.27,1,3500.0
154,6,12.53,3.83,0.84,18,18,0,31.54,1,3400.0
154,7,12.62,4.24,1.61,19,19,0,31.89,1,3300.0
154,8,13.59,3.88,0.55,21,21,0,32.34,1,3200.0
154,9,15.93,4.35,0.2,24,24,0,32.89,1,3100.0
154,10,17.32,4.39,1.21,27,27,0,33.56,1,3000.0
154,11,19.82,4.98,1.97,29,29,0,34.35,1,2900.0
154,12,20.52,6.81,2.08,31,31,0,35.28,1,2800.0
154,13,23.14,8.64,2.57,34,34,0,36.36,1,2700.0
154,14,25.39,8.81,2.94,36,36,0,37.58,1,2600.0
154,15,26.48,10.26,3.03,38,38,0,38.97,1,2500.0
154,16,29.42,11.23,3.15,41,41,0,40.53,2,692.8
154,17,31.01,12.3,3.95,44,45,0,42.27,2,649.3
154,18,31.62,14.1,3.79,48,49,0,44.2,2,400.0
154,19,34.23,16.56,3.26,52,53,0,46.32,2,524.4
154,20,37.22,18.97,5.09,57,58,0,48.65,2,400.0
154,21,39.63,20.66,5.32,62,63,1,51.2,2,400.0
154,22,43.87,23.05,5.74,66,67,1,53.96,2,400.0
154,23,46.87,24.42,6.87,69,70,1,56.96,2,400.0
154,24,50.43,25.9,6.94,74,76,1,60.2,2,400.0
154,25,56.05,28.72,7.51,78,80,2,63.68,2,400.0
154,26,58.8,30.42,7.78,83,85,2,67.42,2,400.0
155,0,12.01,1.66,0.0,2,2,0,37.17,1,4000.0
155,1,12.23,2.0,0.0,4,4,0,37.19,1,3900.0
155,2,12.59,2.38,0.14,7,7,0,37.24,1,3800.0
155,3,13.01,2.47,0.0,8,8,0,37.35,1,3700.0
155,4,12.31,2.42,0.42,10,10,0,37.54,1,3600.0
155,5,11.42,2.55,0.95,11,11,0,37.82,1,3500.0
155,6,10.34,2.84,0.96,12,12,0,38.2,1,3400.0
155,7,10.53,3.33,2.01,14,14,0,38.71,1,3300.0
155,8,11.04,3.97,1.3,17,17,0,39.36,1,3200.0
155,9,12.8,4.64,2.34,18,18,0,40.16,1,3100.0
155,10,14.64,4.98,2.59,21,21,0,41.13,1,3000.0
155,11,15.35,6.7,1.33,23,23,0,42.28,1,2900.0
155,12,16.75,7.73,2.82,26,26,0,43.62,1,2800.0
155,13,19.05,8.54,3.55,28,28,0,45.17,2,1001.5
155,14,21.7,10.64,4.27,30,31,0,46.95,2,953.0
155,15,23.66,12.51,4.37,34,35,0,48.95,2,838.6
155,16,24.72,13.83,5.8,36,37,0,51.21,2,890.6
155,17,26.99,15.35,5.45,39,40,1,53.72,2,699.6
155,18,30.96,17.63,6.1,44,45,1,56.51,2,600.8
155,19,34.53,19.51,6.76,48,49,1,59.58,2,461.2
155,20,40.2,22.63,6.57,51,53,1,62.95,2,400.0
155,21,44.41,25.31,8.0,57,59,2,66.63,2,400.0
156,0,9.65,1.6,0.03,1,1,0,41.67,1,4000.0
156,1,9.76,0.97,0.81,3,3,0,41.68,1,3900.0
156,2,9.75,1.79,0.26,6,6,0,41.74,1,3800.0
156,3,9.08,1.85,0.0,9,9,0,41.86,1,3700.0
156,4,10.52,1.17,0.67,11,11,0,42.06,1,3600.0
156,5,11.52,0.95,0.52,13,13,0,42.37,1,3500.0
156,6,9.91,0.55,0.81,16,16,0,42.79,1,3400.0
156,7,9.81,1.59,1.83,18,18,0,43.34,1,3300.0
156,8,9.04,2.07,1.4,21,21,0,44.04,1,3200.0
156,9,8.62,2.29,1.42,24,24,0,44.91,1,3100.0
156,10,10.54,2.74,2.8,27,27,0,45.97,1,3000.0
156,11,12.04,3.76,2.85,30,30,0,47.21,1,2900.0
156,12,12.52,4.25,3.49,33,33,0,48.68,2,1146.4
156,13,15.66,5.82,3.06,35,36,0,50.36,2,1011.2
156,14,21.35,7.29,4.79,39,40,0,52.29,2,868.2
156,15,24.95,8.66,4.9,43,44,0,54.47,2,893.8
156,16,26.52,10.76,3.83,48,49,1,56.93,2,807.7
156,17,31.17,13.11,6.35,51,52,1,59.66,2,562.3
156,18,34.75,15.43,6.61,55,56,1,62.69,2,521.1
156,19,38.16,17.74,8.2,59,61,1,66.03,2,403.9
156,20,41.92,19.34,7.65,65,67,2,69.69,2,629.7
157,0,11.37,1.67,1.15,2,2,0,27.17,1,4000.0
157,1,11.73,1.34,0.0,5,5,0,27.18,1,3900.0
157,2,10.8,1.47,0.6,8,8,0,27.22,1,3800.0
157,3,11.56,1.18,0.0,10,10,0,27.29,1,3700.0
157,4,12.69,1.14,0.96,13,13,0,27.41,1,3600.0
157,5,14.11,0.41,0.57,16,16,0,27.59,1,3500.0
157,6,13.5,0.81,0.75,19,19,0,27.84,1,3400.0
157,7,13.56,1.12,1.0,22,22,0,28.17,1,3300.0
157,8,12.63,1.98,1.49,24,24,0,28.59,1,3200.0
157,9,12.65,2.63,0.53,25,25,0,29.11,1,3100.0
157,10,14.36,3.58,1.24,28,28,0,29.74,1,3000.0
157,11,14.93,4.27,1.93,30,30,0,30.48,1,2900.0
157,12,15.16,4.74,1.93,32,32,0,31.35,1,2800.0
157,13,15.4,4.68,2.8,33,33,0,32.35,1,2700.0
157,14,16.06,5.51,3.12,37,37,0,33.5,1,2600.0
157,15,17.54,7.09,2.39,39,39,0,34.8,1,2500.0
157,16,19.7,8.73,4.08,42,42,0,36.26,2,826.8
157,17,22.42,9.24,3.99,44,45,0,37.89,2,612.0
157,18,24.92,10.29,4.21,46,47,0,39.7,2,703.3
157,19,27.3,11.43,3.39,50,51,0,41.69,2,491.4
157,20,29.97,12.83,3.08,52,53,0,43.87,2,448.4
157,21,31.32,14.17,5.72,55,56,0,46.26,2,400.0
157,22,31.91,15.34,5.04,60,61,1,48.85,2,400.0
157,23,36.54,17.12,5.93,64,65,1,51.66,2,400.0
157,24,39.72,19.15,5.83,69,70,1,54.69,2,400.0
157,25,44.51,21.13,6.63,72,74,1,57.95,2,400.0
157,26,48.89,23.6,8.16,77,79,2,61.45,2,400.0
157,27,53.22,26.08,8.36,81,83,2,65.19,2,400.0
158,0,13.51,1.35,0.0,0,0,0,36.94,0,10000.0
158,1,12.61,1.33,0.0,0,0,0,37.42,0,10000.0
158,2,12.76,1.33,0.0,0,0,0,38.22,0,10000.0
158,3,12.39,1.2,0.0,0,0,0,40.59,0,10000.0
158,4,12.09,0.75,0.0,0,0,0,43.18,0,10000.0
158,5,11.06,0.59,0.0,0,0,0,43.93,0,10000.0
158,6,11.04,0.27,0.0,0,0,0,44.77,0,10000.0
158,7,11.97,0.4,0.0,0,0,0,45.43,0,10000.0
158,8,12.38,0.6,0.0,0,0,0,42.87,0,10000.0
158,9,12.84,0.5,0.0,0,0,0,43.64,0,10000.0
158,10,13.05,0.61,0.0,0,0,0,43.07,0,10000.0
158,11,13.63,0.82,0.0,0,0,0,45.82,0,10000.0
158,12,14.38,0.6,0.0,0,0,0,47.97,0,10000.0
158,13,14.85,1.02,0.0,0,0,0,49.01,0,10000.0
158,14,14.21,1.06,0.0,0,0,0,47.98,0,10000.0
158,15,13.8,1.09,0.0,0,0,0,50.25,0,10000.0
158,16,13.76,1.19,0.0,0,0,0,47.81,0,10000.0
158,17,14.28,1.24,0.0,0,0,0,49.71,0,10000.0
158,18,13.95,1.05,0.0,0,0,0,47.65,0,10000.0
158,19,14.09,0.68,0.0,0,0,0,45.8,0,10000.0
158,20,14.29,0.6,0.0,0,0,0,45.98,0,10000.0
158,21,14.28,0.58,0.0,0,0,0,44.24,0,10000.0
158,22,14.67,0.35,0.0,0,0,0,44.92,0,10000.0
159,0,14.24,0.76,0.0,0,0,0,30.99,0,10000.0
159,1,13.72,0.9,0.0,0,0,0,28.12,0,10000.0
159,2,13.8,0.93,0.0,0,0,0,27.05,0,10000.0
159,3,13.83,0.85,0.0,0,0,0,25.41,0,10000.0
159,4,13.62,0.73,0.0,0,0,0,27.69,0,10000.0
159,5,14.04,0.48,0.0,0,0,0,29.23,0,10000.0
159,6,14.49,0.59,0.0,0,0,0,27.61,0,10000.0
159,7,14.84,0.4,0.0,0,0,0,29.23,0,10000.0
159,8,14.81,0.2,0.0,0,0,0,27.15,0,10000.0
159,9,14.06,0.2,0.0,0,0,0,27.8,0,10000.0
159,10,13.72,0.2,0.0,0,0,0,26.87,0,10000.0
159,11,13.45,0.24,0.0,0,0,0,28.0,0,10000.0
159,12,13.38,0.4,0.0,1,1,0,24.71,0,10000.0
159,13,13.53,0.79,0.0,1,1,0,24.91,0,10000.0
159,14,13.97,1.16,0.0,1,1,0,20.53,0,10000.0
159,15,14.71,1.12,0.0,1,1,0,20.8,0,10000.0
159,16,15.08,1.02,0.0,1,1,0,22.23,0,10000.0
159,17,15.4,0.94,0.0,1,1,0,20.79,0,10000.0
159,18,14.6,0.97,0.0,1,1,0,19.69,0,10000.0
159,19,14.68,0.93,0.0,1,1,0,21.77,0,10000.0
159,20,14.37,0.64,0.0,1,1,0,22.44,0,10000.0
159,21,13.52,0.74,0.0,1,1,0,20.68,0,10000.0
159,22,13.42,0.83,0.0,1,1,0,20.27,0,10000.0
159,23,13.55,0.9,0.0,1,1,0,20.77,0,10000.0
159,24,14.21,0.93,0.0,1,1,0,21.5,0,10000.0
159,25,13.71,1.07,0.0,1,1,0,19.99,0,10000.0
159,26,13.96,1.05,0.0,1,1,0,20.9,0,10000.0
159,27,14.5,0.78,0.0,1,1,0,21.53,0,10000.0
159,28,14.22,0.55,0.0,1,1,0,22.74,0,10000.0
159,29,14.76,0.58,0.0,1,1,0,20.8,0,10000.0
160,0,14.96,2.32,0.0,3,3,0,21.75,1,4000.0
160,1,14.97,2.58,0.0,6,6,0,21.77,1,3900.0
160,2,16.76,1.88,0.31,7,7,0,21.85,1,3800.0
160,3,17.47,1.59,0.55,8,8,0,22.03,1,3700.0
160,4,19.34,2.36,0.59,11,11,0,22.33,1,3600.0
160,5,19.08,2.4,1.27,12,12,0,22.77,1,3500.0
160,6,18.53,3.25,1.43,13,13,0,23.38,1,3400.0
160,7,20.1,3.52,1.78,15,15,0,24.19,1,3300.0
160,8,21.53,3.05,2.16,16,16,0,25.22,1,3200.0
160,9,23.35,3.64,2.32,18,18,0,26.49,1,3100.0
160,10,24.72,4.68,2.78,22,22,0,28.03,2,1348.8
160,11,26.2,5.97,4.45,26,27,0,29.86,2,1271.2
160,12,28.21,7.61,4.47,30,31,0,32.0,2,1107.8
160,13,29.93,9.67,4.77,33,34,1,34.47,2,965.7
160,14,33.36,11.8,5.78,36,37,1,37.29,2,863.4
160,15,36.93,14.44,7.09,41,42,1,40.48,2,798.6
160,16,40.83,17.31,7.35,46,48,2,44.07,2,669.6
161,0,13.01,2.63,0.0,1,1,0,33.66,1,4000.0
161,1,12.93,2.94,0.6,2,2,0,33.67,1,3900.0
161,2,11.12,3.18,0.07,4,4,0,33.7,1,3800.0
161,3,13.54,3.92,1.07,7,7,0,33.78,1,3700.0
161,4,13.98,4.57,0.39,10,10,0,33.91,1,3600.0
161,5,12.79,4.93,0.9,12,12,0,34.1,1,3500.0
161,6,13.35,4.56,0.4,15,15,0,34.37,1,3400.0
161,7,13.14,5.05,0.89,18,18,0,34.72,1,3300.0
161,8,13.76,5.66,1.27,20,20,0,35.17,1,3200.0
161,9,14.26,5.78,1.49,23,23,0,35.72,1,3100.0
161,10,15.61,6.72,1.67,24,24,0,36.39,1,3000.0
161,11,15.84,7.26,1.97,27,27,0,37.19,1,2900.0
161,12,17.52,7.31,1.85,28,28,0,38.11,1,2800.0
161,13,18.43,8.63,2.77,31,31,0,39.19,1,2700.0
161,14,19.28,9.39,2.78,33,33,0,40.41,1,2600.0
161,15,20.84,10.33,2.91,37,37,0,41.8,1,2500.0
161,16,23.11,12.59,3.62,41,41,0,43.36,2,596.0
161,17,25.76,12.83,4.1,44,45,0,45.1,2,693.2
161,18,29.11,13.82,4.27,47,48,0,47.03,2,595.5
161,19,32.03,15.17,4.43,49,50,0,49.15,2,436.2
161,20,32.99,17.45,3.7,54,55,0,51.49,2,423.7
161,21,34.9,19.63,5.63,58,59,1,54.03,2,400.0
161,22,38.15,21.22,5.57,61,62,1,56.8,2,400.0
161,23,41.1,23.38,5.59,65,66,1,59.79,2,400.0
161,24,44.78,25.36,7.82,69,71,1,63.03,2,400.0
161,25,48.45,28.69,7.93,74,76,2,66.51,2,400.0
161,26,53.61,31.62,7.79,78,80,2,70.25,2,400.0
162,0,11.93,0.98,0.0,0,0,0,36.48,1,5872.9
162,1,12.22,1.17,0.18,0,0,0,36.57,1,5547.6
162,2,12.38,1.06,0.0,0,0,0,36.75,1,5518.4
162,3,12.92,0.82,0.4,0,0,0,37.02,1,5547.8
162,4,13.35,0.69,0.42,0,0,0,37.39,1,5304.2
162,5,13.6,1.01,0.45,0,0,0,37.84,1,5649.6
162,6,13.23,1.2,0.48,0,0,0,38.39,1,5107.2
162,7,13.7,1.35,0.56,0,0,0,39.02,1,5148.4
162,8,14.21,1.21,0.45,0,0,0,39.75,1,4723.0
162,9,13.53,1.64,0.65,0,0,0,40.57,1,4709.1
162,10,14.06,2.27,1.0,1,1,0,41.48,1,4636.2
162,11,14.59,2.82,1.24,1,2,0,42.48,1,4057.1
162,12,14.26,3.3,1.07,1,2,0,43.57,1,4215.4
162,13,14.81,3.91,1.55,1,2,0,44.75,1,3673.1
162,14,15.76,4.2,1.19,1,2,0,46.02,1,3937.8
162,15,16.62,4.82,1.39,2,3,0,47.39,1,4025.0
162,16,18.22,5.65,1.56,2,3,0,48.84,1,3600.7
162,17,19.27,5.87,1.58,2,3,0,50.39,1,3697.7
162,18,20.55,6.73,1.78,2,3,0,52.02,1,3255.3
162,19,22.17,6.92,1.85,2,3,0,53.75,1,2893.7
162,20,24.02,7.69,1.97,2,3,0,55.57,1,3275.6
162,21,26.01,8.22,2.34,2,3,0,57.48,1,2610.3
163,0,9.79,2.35,0.0,0,0,0,39.62,0,10000.0
163,1,9.72,2.44,0.0,0,0,0,39.39,0,10000.0
163,2,9.96,2.12,0.0,0,0,0,36.83,0,10000.0
163,3,10.37,2.21,0.0,0,0,0,38.99,0,10000.0
163,4,11.55,2.34,0.0,0,0,0,37.61,0,10000.0
163,5,11.64,2.39,0.0,0,0,0,39.33,0,10000.0
163,6,10.92,2.19,0.0,0,0,0,41.25,0,10000.0
163,7,10.11,1.86,0.0,0,0,0,42.03,0,10000.0
163,8,10.6,2.14,0.0,0,0,0,43.91,0,10000.0
163,9,11.0,2.02,0.0,0,0,0,43.51,0,10000.0
163,10,11.01,1.63,0.0,0,0,0,45.99,0,10000.0
163,11,10.82,1.47,0.0,0,0,0,45.48,0,10000.0
163,12,10.24,1.49,0.0,0,0,0,47.53,0,10000.0
163,13,10.02,1.71,0.0,0,0,0,49.01,0,10000.0
163,14,9.94,1.74,0.0,0,0,0,51.03,0,10000.0
164,0,15.53,1.33,0.0,3,3,0,29.99,1,5841.2
164,1,15.99,1.03,0.44,4,4,0,30.12,1,5857.5
164,2,16.08,0.76,0.21,4,4,0,30.37,1,5525.3
164,3,17.43,1.01,0.47,4,4,0,30.74,1,5640.4
164,4,16.86,1.43,0.63,4,4,0,31.24,1,5217.0
164,5,17.78,1.81,0.94,5,5,0,31.87,1,5437.6
164,6,18.26,2.18,0.51,6,6,0,32.62,1,5110.6
164,7,18.6,2.21,0.87,6,6,0,33.49,1,5091.2
164,8,19.46,2.51,1.2,7,8,0,34.49,1,4715.8
164,9,20.76,2.96,0.88,7,8,0,35.62,1,4558.6
164,10,22.83,3.92,1.71,7,8,0,36.87,1,4276.1
164,11,24.07,4.34,1.81,7,8,0,38.24,1,4320.5
164,12,25.29,5.1,1.64,8,9,0,39.74,1,4199.7
164,13,26.57,5.54,2.04,9,10,0,41.37,1,4107.5
164,14,27.58,5.56,1.92,10,11,0,43.12,1,4051.2
164,15,28.42,5.93,2.05,11,12,0,44.99,1,3868.4
165,0,14.11,0.85,0.0,2,2,0,41.19,0,10000.0
165,1,12.95,0.64,0.0,2,2,0,42.27,0,10000.0
165,2,13.57,0.66,0.0,2,2,0,39.23,0,10000.0
165,3,13.68,0.49,0.0,2,2,0,40.11,0,10000.0
165,4,13.81,0.62,0.0,2,2,0,40.62,0,10000.0
165,5,13.46,0.73,0.0,2,2,0,39.11,0,10000.0
165,6,13.84,0.44,0.0,2,2,0,39.53,0,10000.0
165,7,14.01,0.78,0.0,2,2,0,41.09,0,10000.0
165,8,13.23,0.8,0.0,2,2,0,39.67,0,10000.0
165,9,11.87,0.84,0.0,2,2,0,39.62,0,10000.0
165,10,12.04,0.62,0.0,2,2,0,40.86,0,10000.0
165,11,11.93,0.4,0.0,2,2,0,41.41,0,10000.0
165,12,11.76,0.48,0.0,2,2,0,43.14,0,10000.0
165,13,11.35,0.4,0.0,2,2,0,44.25,0,10000.0
165,14,11.34,0.64,0.0,2,2,0,45.65,0,10000.0
165,15,11.18,0.89,0.0,2,2,0,45.26,0,10000.0
165,16,11.19,0.99,0.0,2,2,0,46.2,0,10000.0
165,17,11.39,1.1,0.0,2,2,0,45.68,0,10000.0
165,18,11.63,1.02,0.0,2,2,0,46.39,0,10000.0
165,19,11.29,0.93,0.0,2,2,0,46.65,0,10000.0
165,20,11.25,1.1,0.0,2,2,0,46.3,0,10000.0
165,21,11.4,1.25,0.0,2,2,0,44.66,0,10000.0
165,22,11.13,1.4,0.0,2,2,0,42.79,0,10000.0
165,23,11.49,1.38,0.0,2,2,0,41.47,0,10000.0
166,0,14.26,1.4,0.0,8,8,0,31.31,1,4000.0
166,1,15.7,1.27,0.65,10,10,0,31.32,1,3900.0
166,2,16.98,1.02,0.0,11,11,0,31.36,1,3800.0
166,3,16.72,0.84,0.26,12,12,0,31.46,1,3700.0
166,4,17.78,0.05,0.02,15,15,0,31.62,1,3600.0
166,5,18.14,0.36,1.13,18,18,0,31.86,1,3500.0
166,6,18.17,0.44,0.29,20,20,0,32.19,1,3400.0
166,7,16.39,0.15,0.92,22,22,0,32.62,1,3300.0
166,8,17.44,0.8,1.27,23,23,0,33.17,1,3200.0
166,9,18.34,0.8,1.87,25,25,0,33.86,1,3100.0
166,10,19.53,1.76,1.68,28,28,0,34.69,1,3000.0
166,11,22.6,2.39,2.65,30,30,0,35.67,1,2900.0
166,12,23.6,2.94,2.12,32,32,0,36.82,1,2800.0
166,13,25.89,3.37,3.13,36,36,0,38.14,1,2700.0
166,14,27.25,4.48,3.45,38,38,0,39.66,2,1021.3
166,15,28.02,6.27,3.7,41,42,0,41.38,2,909.6
166,16,31.65,7.49,4.4,44,45,0,43.3,2,928.8
166,17,33.36,8.89,4.77,46,47,0,45.45,2,786.1
166,18,34.9,10.14,5.66,49,50,0,47.84,2,642.5
166,19,38.0,12.43,6.51,53,54,1,50.46,2,489.2
166,20,41.07,14.62,6.43,58,59,1,53.35,2,429.4
166,21,44.29,16.75,6.19,62,63,1,56.49,2,442.6
166,22,47.6,19.43,7.96,65,67,2,59.91,2,400.0
166,23,53.12,22.19,7.58,71,73,2,63.62,2,400.0
167,0,8.88,1.51,0.0,5,5,0,33.69,0,10000.0
167,1,9.62,1.25,0.0,5,5,0,30.98,0,10000.0
167,2,9.72,1.31,0.0,5,5,0,32.83,0,10000.0
167,3,9.72,1.43,0.0,5,5,0,35.6,0,10000.0
167,4,10.58,1.63,0.0,5,5,0,37.81,0,10000.0
167,5,10.92,2.09,0.0,5,5,0,38.59,0,10000.0
167,6,10.98,1.88,0.0,5,5,0,40.01,0,10000.0
167,7,10.47,1.95,0.0,5,5,0,41.93,0,10000.0
167,8,10.33,2.05,0.0,5,5,0,44.15,0,10000.0
167,9,10.38,1.96,0.0,5,5,0,42.72,0,10000.0
167,10,10.71,1.71,0.0,5,5,0,41.34,0,10000.0
167,11,10.03,1.93,0.0,5,5,0,44.91,0,10000.0
167,12,9.47,1.87,0.1,5,5,0,44.63,0,10000.0
167,13,9.89,1.96,0.0,5,5,0,44.91,0,10000.0
167,14,10.35,1.87,0.0,5,5,0,43.99,0,10000.0
167,15,10.73,1.88,0.0,5,5,0,42.98,0,10000.0
168,0,11.55,2.44,0.17,1,1,0,20.75,1,5914.3
168,1,11.76,2.56,0.06,1,1,0,20.82,1,5611.8
168,2,12.23,2.48,0.39,2,2,0,20.97,1,5608.5
168,3,12.14,3.0,0.0,2,2,0,21.19,1,5393.1
168,4,11.88,3.51,0.36,2,2,0,21.49,1,5310.2
168,5,12.75,3.9,0.39,2,2,0,21.86,1,5093.2
168,6,13.97,3.78,0.58,2,2,0,22.31,1,4786.3
168,7,14.01,3.61,0.58,2,2,0,22.82,1,5240.7
168,8,14.73,4.47,0.76,3,3,0,23.42,1,4433.5
168,9,15.14,5.0,1.05,3,3,0,24.08,1,4885.1
168,10,15.17,5.49,0.82,4,4,0,24.82,1,4246.9
168,11,15.06,5.82,0.84,5,5,0,25.64,1,4398.4
168,12,14.96,5.95,0.77,6,6,0,26.53,1,4089.4
168,13,15.54,6.43,0.92,6,6,0,27.49,1,3951.2
168,14,16.24,6.71,1.04,6,7,0,28.53,1,3701.4
168,15,17.09,6.95,1.3,6,7,0,29.64,1,4119.9
168,16,18.3,7.28,1.47,6,7,0,30.82,1,3793.9
168,17,18.87,7.62,1.64,6,7,0,32.08,1,3342.1
168,18,20.58,7.83,1.21,6,7,0,33.42,1,3215.2
168,19,22.61,8.08,1.48,7,8,0,34.82,1,3431.1
168,20,24.08,9.05,1.51,7,8,0,36.31,1,2843.0
168,21,26.06,9.67,1.6,8,9,0,37.86,1,2792.6
168,22,26.56,9.68,1.95,9,10,0,39.49,1,2761.0
168,23,27.93,10.2,2.2,10,11,0,41.19,1,2500.0
168,24,29.38,10.65,2.17,10,11,0,42.97,1,2500.0
168,25,30.49,11.08,2.21,10,11,0,44.82,1,2500.0
168,26,32.19,11.7,1.95,10,11,0,46.75,1,2500.0
169,0,13.22,1.42,0.0,3,3,0,39.7,1,5903.4
169,1,12.52,1.47,0.0,3,3,0,39.78,1,5280.2
169,2,11.76,1.27,0.0,3,3,0,39.93,1,5650.2
169,3,11.88,0.99,0.19,3,3,0,40.16,1,5737.6
169,4,12.6,1.25,0.18,3,3,0,40.47,1,5491.0
169,5,11.64,1.8,0.33,4,4,0,40.85,1,5368.1
169,6,11.57,1.47,0.37,4,4,0,41.31,1,4951.8
169,7,12.06,1.83,0.62,4,4,0,41.85,1,4710.6
169,8,12.88,2.53,0.48,4,4,0,42.47,1,4888.1
169,9,13.5,2.29,0.98,5,5,0,43.16,1,4572.4
169,10,14.84,2.67,0.73,5,5,0,43.93,1,4470.8
169,11,14.83,3.65,0.58,5,5,0,44.78,1,4108.4
169,12,15.97,3.86,0.95,5,5,0,45.7,1,3857.6
169,13,17.56,3.87,1.16,5,6,0,46.7,1,3779.0
169,14,19.07,4.01,1.18,5,6,0,47.78,1,3589.4
169,15,19.71,4.17,1.42,5,6,0,48.93,1,3793.0
169,16,20.9,4.68,1.22,5,6,0,50.16,1,3759.9
169,17,21.12,4.91,1.51,5,6,0,51.47,1,3508.1
169,18,20.96,5.19,1.53,6,7,0,52.85,1,3135.3
169,19,21.44,5.93,1.53,6,7,0,54.31,1,3197.9
169,20,22.04,6.46,1.35,6,7,0,55.85,1,3211.5
169,21,22.33,6.9,2.02,6,7,0,57.47,1,2820.9
169,22,22.82,7.79,2.14,6,7,0,59.16,1,2882.1
169,23,23.93,8.64,2.12,6,7,0,60.93,1,2868.5
169,24,25.85,8.88,2.18,6,7,0,62.78,1,2500.0
169,25,27.38,9.33,1.6,6,7,0,64.7,1,2500.0
170,0,12.6,2.51,0.0,5,5,0,44.05,1,5961.9
170,1,13.81,2.43,0.11,6,6,0,44.14,1,5699.7
170,2,13.83,2.55,0.27,7,7,0,44.3,1,5666.1
170,3,14.07,2.31,0.41,7,7,0,44.55,1,5586.5
170,4,14.12,2.37,0.0,7,7,0,44.89,1,5294.8
170,5,13.76,2.46,0.68,7,7,0,45.3,1,5336.7
170,6,13.29,2.95,0.05,7,7,0,45.8,1,4809.9
170,7,12.98,2.97,0.95,7,7,0,46.39,1,4865.6
170,8,13.03,3.42,0.42,7,7,0,47.05,1,4619.3
170,9,13.87,3.62,0.85,8,8,0,47.8,1,4600.2
170,10,15.2,3.92,1.15,8,8,0,48.64,1,4540.4
170,11,15.73,4.59,0.85,9,9,0,49.55,1,4327.9
170,12,16.62,4.7,1.01,10,11,0,50.55,1,4332.1
170,13,17.29,4.86,1.06,11,12,0,51.64,1,4085.7
170,14,18.67,5.2,1.28,12,13,0,52.8,1,4091.9
170,15,19.82,5.41,1.3,13,14,0,54.05,1,3464.7
170,16,20.94,6.38,1.37,13,14,0,55.39,1,3835.5
170,17,21.68,7.02,1.75,13,14,0,56.8,1,3074.4
170,18,23.47,7.21,1.54,13,14,0,58.3,1,3457.5
170,19,23.56,7.42,1.72,14,15,0,59.89,1,3182.0
170,20,23.92,7.98,1.79,14,15,0,61.55,1,3041.9
170,21,24.74,8.44,2.03,14,15,0,63.3,1,2516.2
170,22,26.7,9.1,2.08,14,15,0,65.14,1,2761.1
170,23,28.15,9.35,2.09,15,16,0,67.05,1,2500.0
171,0,15.74,0.92,0.0,3,3,0,32.81,0,10000.0
171,1,16.14,1.13,0.0,3,3,0,32.95,0,10000.0
171,2,16.13,1.64,0.0,3,3,0,32.47,0,10000.0
171,3,15.88,1.97,0.0,3,3,0,30.23,0,10000.0
171,4,16.26,1.82,0.0,3,3,0,29.93,0,10000.0
171,5,16.64,2.13,0.0,3,3,0,29.59,0,10000.0
171,6,17.01,2.16,0.0,3,3,0,31.84,0,10000.0
171,7,16.87,2.38,0.0,3,3,0,30.08,0,10000.0
171,8,16.42,2.25,0.0,3,3,0,28.02,0,10000.0
171,9,16.3,2.42,0.0,3,3,0,28.69,0,10000.0
171,10,16.26,2.73,0.0,3,3,0,29.24,0,10000.0
171,11,15.63,2.66,0.0,3,3,0,28.39,0,10000.0
171,12,16.07,2.66,0.0,3,3,0,28.21,0,10000.0
171,13,15.87,2.53,0.0,3,3,0,27.49,0,10000.0
171,14,16.31,2.48,0.0,3,3,0,28.3,0,10000.0
171,15,16.03,2.47,0.0,3,3,0,28.24,0,10000.0
171,16,16.43,2.57,0.0,3,3,0,27.73,0,10000.0
171,17,16.37,2.55,0.0,3,3,0,28.61,0,10000.0
171,18,16.56,2.72,0.0,3,3,0,29.01,0,10000.0
171,19,16.82,2.8,0.0,3,3,0,30.63,0,10000.0
171,20,16.97,2.83,0.0,3,3,0,32.43,0,10000.0
171,21,17.65,2.61,0.0,3,3,0,32.38,0,10000.0
171,22,18.69,2.51,0.0,3,3,0,31.57,0,10000.0
171,23,18.28,2.51,0.0,3,3,0,32.0,0,10000.0
172,0,11.08,1.92,0.0,1,1,0,34.58,0,10000.0
172,1,11.15,2.34,0.0,1,1,0,34.55,0,10000.0
172,2,12.45,2.19,0.0,1,1,0,34.44,0,10000.0
172,3,12.64,2.25,0.0,1,1,0,33.68,0,10000.0
172,4,12.45,2.11,0.0,1,1,0,35.3,0,10000.0
172,5,12.13,1.67,0.0,1,1,0,33.94,0,10000.0
172,6,11.61,1.66,0.0,1,1,0,35.22,0,10000.0
172,7,11.93,1.63,0.0,1,1,0,33.73,0,10000.0
172,8,11.22,1.48,0.0,1,1,0,30.97,0,10000.0
172,9,10.98,1.45,0.0,1,1,0,32.45,0,10000.0
172,10,11.98,1.32,0.0,1,1,0,31.94,0,10000.0
172,11,11.8,1.34,0.0,1,1,0,29.39,0,10000.0
172,12,11.52,1.71,0.0,1,1,0,29.49,0,10000.0
172,13,11.75,1.91,0.0,1,1,0,29.62,0,10000.0
172,14,11.34,2.24,0.0,1,1,0,31.81,0,10000.0
172,15,11.03,2.38,0.0,1,1,0,34.09,0,10000.0
172,16,11.04,2.33,0.0,1,1,0,37.05,0,10000.0
172,17,11.56,2.43,0.0,1,1,0,36.63,0,10000.0
172,18,12.05,2.26,0.0,1,1,0,38.71,0,10000.0
172,19,11.95,2.25,0.0,1,1,0,38.44,0,10000.0
172,20,12.53,2.56,0.0,1,1,0,34.66,0,10000.0
172,21,12.84,2.32,0.0,1,1,0,33.51,0,10000.0
172,22,13.29,2.6,0.0,1,1,0,31.29,0,10000.0
172,23,13.9,2.62,0.0,1,1,0,30.85,0,10000.0
173,0,12.32,0.96,0.0,5,5,0,43.99,0,10000.0
173,1,12.66,1.17,0.0,5,5,0,44.37,0,10000.0
173,2,12.05,1.26,0.0,5,5,0,44.36,0,10000.0
173,3,13.07,1.19,0.0,5,5,0,41.77,0,10000.0
173,4,12.7,0.99,0.0,5,5,0,40.2,0,10000.0
173,5,12.72,1.07,0.0,5,5,0,39.26,0,10000.0
173,6,12.84,1.35,0.0,5,5,0,38.01,0,10000.0
173,7,12.47,1.19,0.0,5,5,0,37.01,0,10000.0
173,8,12.44,0.8,0.0,5,5,0,39.05,0,10000.0
173,9,12.44,1.34,0.0,5,5,0,38.94,0,10000.0
173,10,12.72,1.16,0.0,5,5,0,38.87,0,10000.0
173,11,12.16,1.25,0.0,5,5,0,37.93,0,10000.0
173,12,12.25,1.26,0.0,5,5,0,38.51,0,10000.0
173,13,11.89,1.34,0.0,5,5,0,41.3,0,10000.0
173,14,11.85,0.9,0.0,5,5,0,40.78,0,10000.0
173,15,12.24,0.85,0.1,5,5,0,40.94,0,10000.0
173,16,12.35,1.04,0.0,5,5,0,41.0,0,10000.0
173,17,12.78,1.12,0.0,5,5,0,42.67,0,10000.0
173,18,12.77,1.4,0.0,5,5,0,42.0,0,10000.0
173,19,13.04,1.56,0.0,5,5,0,40.27,0,10000.0
173,20,13.23,1.42,0.0,5,5,0,41.27,0,10000.0
173,21,13.11,1.42,0.0,5,5,0,38.87,0,10000.0
173,22,12.57,1.27,0.0,5,5,0,37.97,0,10000.0
173,23,12.67,1.21,0.0,5,5,0,39.87,0,10000.0
173,24,13.1,1.24,0.0,5,5,0,38.63,0,10000.0
173,25,12.62,1.64,0.0,5,5,0,38.85,0,10000.0
173,26,12.51,1.54,0.0,5,5,0,38.9,0,10000.0
174,0,16.77,0.59,0.0,4,4,0,32.09,0,10000.0
174,1,16.62,0.74,0.0,4,4,0,31.36,0,10000.0
174,2,16.5,0.37,0.0,4,4,0,31.76,0,10000.0
174,3,16.19,0.26,0.0,4,4,0,30.65,0,10000.0
174,4,17.22,0.37,0.0,4,4,0,30.2,0,10000.0
174,5,18.11,0.47,0.0,4,4,0,29.26,0,10000.0
174,6,17.66,0.6,0.0,4,4,0,30.86,0,10000.0
174,7,16.96,0.39,0.0,4,4,0,32.44,0,10000.0
174,8,16.83,0.2,0.0,4,4,0,31.67,0,10000.0
174,9,16.9,0.2,0.0,4,4,0,31.66,0,10000.0
174,10,16.94,0.24,0.0,4,4,0,31.11,0,10000.0
174,11,17.07,0.2,0.0,4,4,0,31.47,0,10000.0
174,12,16.53,0.23,0.0,4,4,0,31.04,0,10000.0
174,13,16.29,0.24,0.0,4,4,0,31.71,0,10000.0
174,14,16.33,0.2,0.0,4,4,0,33.95,0,10000.0
174,15,16.9,0.2,0.0,4,4,0,32.35,0,10000.0
174,16,17.21,0.41,0.0,4,4,0,28.53,0,10000.0
174,17,16.66,0.54,0.0,4,4,0,33.08,0,10000.0
174,18,17.03,0.55,0.0,4,4,0,33.83,0,10000.0
175,0,8.93,1.85,0.0,5,5,0,40.21,0,10000.0
175,1,8.88,2.02,0.0,5,5,0,41.76,0,10000.0
175,2,9.29,2.35,0.0,5,5,0,43.91,0,10000.0
175,3,8.66,2.65,0.0,5,5,0,43.15,0,10000.0
175,4,8.38,3.19,0.0,5,5,0,44.61,0,10000.0
175,5,8.06,3.31,0.0,5,5,0,41.28,0,10000.0
175,6,8.03,3.4,0.0,5,5,0,40.16,0,10000.0
175,7,8.03,3.36,0.0,5,5,0,44.18,0,10000.0
175,8,8.07,3.25,0.0,5,5,0,44.72,0,10000.0
175,9,7.33,3.4,0.0,5,5,0,44.01,0,10000.0
175,10,7.65,3.91,0.0,5,5,0,45.7,0,10000.0
175,11,7.43,4.05,0.0,5,5,0,43.91,0,10000.0
175,12,8.18,4.08,0.0,5,5,0,43.68,0,10000.0
175,13,8.55,3.85,0.0,5,5,0,44.31,0,10000.0
175,14,8.74,4.09,0.0,5,5,0,43.22,0,10000.0
175,15,8.82,4.35,0.0,6,6,0,43.55,0,10000.0
175,16,9.87,4.43,0.0,6,6,0,44.63,0,10000.0
175,17,9.57,4.35,0.0,6,6,0,44.27,0,10000.0
175,18,9.63,4.62,0.0,6,6,0,44.69,0,10000.0
175,19,9.42,4.67,0.0,6,6,0,44.09,0,10000.0
175,20,9.41,5.03,0.0,6,6,0,43.08,0,10000.0
175,21,9.3,5.08,0.0,6,6,0,39.82,0,10000.0
175,22,9.54,5.06,0.0,6,6,0,38.51,0,10000.0
175,23,10.26,5.25,0.0,6,6,0,40.84,0,10000.0
175,24,9.82,5.09,0.0,6,6,0,40.57,0,10000.0
175,25,8.8,4.96,0.0,6,6,0,39.41,0,10000.0
175,26,8.41,4.78,0.0,6,6,0,39.26,0,10000.0
175,27,8.82,5.04,0.1,6,6,0,39.46,0,10000.0
175,28,9.67,5.09,0.0,6,6,0,39.15,0,10000.0
175,29,9.45,5.0,0.0,6,6,0,39.47,0,10000.0
176,0,14.88,0.5,0.0,1,1,0,28.84,1,5955.4
176,1,14.55,0.51,0.48,1,1,0,28.92,1,5674.8
176,2,14.5,0.5,0.0,2,2,0,29.07,1,5871.1
176,3,14.45,0.69,0.3,2,2,0,29.3,1,5548.0
176,4,13.88,0.93,0.0,2,2,0,29.61,1,5641.2
176,5,13.76,1.04,0.45,2,2,0,29.99,1,5369.8
176,6,14.33,1.11,0.15,2,2,0,30.46,1,5333.6
176,7,14.5,0.63,0.62,2,2,0,30.99,1,4700.2
176,8,15.19,0.99,0.67,2,2,0,31.61,1,4470.9
176,9,15.76,0.75,1.05,3,3,0,32.3,1,4620.9
176,10,15.96,0.81,0.81,3,3,0,33.07,1,4585.6
176,11,17.29,0.99,0.97,3,3,0,33.92,1,4687.5
176,12,18.2,1.38,1.36,3,3,0,34.84,1,4358.7
176,13,19.19,1.9,1.16,3,4,0,35.84,1,4505.8
176,14,20.81,2.46,0.99,3,4,0,36.92,1,3886.1
176,15,21.81,2.97,1.26,3,4,0,38.07,1,3990.4
176,16,23.91,3.23,1.06,4,5,0,39.3,1,3730.9
176,17,25.19,4.01,1.38,4,5,0,40.61,1,3434.8
176,18,26.04,4.15,1.76,4,5,0,41.99,1,3293.1
176,19,26.8,4.45,1.83,5,6,0,43.46,1,3396.6
176,20,28.93,4.93,1.47,5,6,0,44.99,1,2920.6
176,21,29.77,5.58,1.45,5,6,0,46.61,1,2949.2
176,22,31.28,6.06,1.71,5,6,0,48.3,1,2757.1
176,23,31.79,6.29,1.98,6,7,0,50.07,1,2500.0
176,24,33.22,6.94,2.04,7,8,0,51.92,1,2730.9
176,25,35.07,7.25,2.21,7,8,0,53.84,1,2636.7
177,0,13.89,1.88,0.0,5,5,0,20.92,0,10000.0
177,1,12.99,2.36,0.0,5,5,0,19.93,0,10000.0
177,2,12.7,2.23,0.0,5,5,0,20.09,0,10000.0
177,3,12.35,2.33,0.0,5,5,0,20.84,0,10000.0
177,4,12.25,2.09,0.0,5,5,0,22.06,0,10000.0
177,5,12.17,2.09,0.0,5,5,0,25.98,0,10000.0
177,6,12.21,2.45,0.0,5,5,0,27.96,0,10000.0
177,7,12.31,2.19,0.0,5,5,0,27.33,0,10000.0
177,8,11.96,2.29,0.0,5,5,0,25.84,0,10000.0
177,9,11.85,1.95,0.0,5,5,0,24.29,0,10000.0
177,10,11.93,2.02,0.0,5,5,0,20.8,0,10000.0
177,11,12.48,2.22,0.0,5,5,0,17.1,0,10000.0
177,12,12.25,2.0,0.0,5,5,0,14.55,0,10000.0
177,13,12.04,1.81,0.0,5,5,0,13.18,0,10000.0
177,14,12.78,1.41,0.0,5,5,0,11.97,0,10000.0
177,15,12.2,1.21,0.0,5,5,0,13.16,0,10000.0
177,16,13.45,1.07,0.0,5,5,0,15.0,0,10000.0
177,17,13.99,1.03,0.0,5,5,0,14.71,0,10000.0
177,18,13.32,1.08,0.0,5,5,0,11.7,0,10000.0
177,19,13.44,1.12,0.0,5,5,0,13.51,0,10000.0
177,20,13.26,1.28,0.0,5,5,0,13.33,0,10000.0
177,21,12.99,1.46,0.0,5,5,0,11.26,0,10000.0
177,22,12.96,1.37,0.0,5,5,0,11.5,0,10000.0
177,23,12.76,1.4,0.0,5,5,0,12.38,0,10000.0
177,24,13.28,1.5,0.0,5,5,0,14.45,0,10000.0
177,25,13.53,1.68,0.0,5,5,0,11.16,0,10000.0
178,0,10.94,2.2,0.07,4,4,0,44.91,1,5998.8
178,1,12.04,1.87,0.0,5,5,0,44.99,1,5801.2
178,2,11.18,2.16,0.0,5,5,0,45.15,1,5553.2
178,3,10.32,2.03,0.56,5,5,0,45.39,1,5154.8
178,4,11.55,2.35,0.08,5,5,0,45.71,1,5492.7
178,5,11.53,2.12,0.67,5,5,0,46.11,1,5426.0
178,6,12.35,2.0,0.6,5,5,0,46.59,1,4864.4
178,7,12.91,2.08,0.52,5,5,0,47.15,1,5081.5
178,8,13.97,2.77,0.61,5,5,0,47.79,1,4757.7
178,9,15.36,2.82,0.91,5,5,0,48.51,1,4283.7
178,10,16.33,3.19,0.5,5,5,0,49.31,1,4638.7
178,11,17.36,3.74,1.23,6,6,0,50.19,1,4272.0
178,12,18.55,3.79,0.94,6,6,0,51.15,1,4110.7
178,13,18.44,3.89,1.32,6,7,0,52.19,1,4414.5
178,14,19.73,4.29,1.21,6,7,0,53.31,1,4039.0
178,15,20.94,4.8,1.36,6,7,0,54.51,1,3944.9
178,16,21.39,4.94,1.55,6,7,0,55.79,1,3757.4
178,17,22.35,5.1,1.45,7,8,0,57.15,1,3604.4
178,18,22.65,4.87,2.08,7,8,0,58.59,1,3143.8
178,19,24.37,5.51,1.54,7,8,0,60.11,1,3321.2
178,20,26.01,5.83,1.73,8,9,0,61.71,1,3463.2
178,21,27.3,6.61,1.98,8,9,0,63.39,1,2539.7
178,22,30.02,7.13,2.02,8,9,0,65.15,1,2631.2
178,23,30.9,7.7,2.17,8,9,0,66.99,1,2500.0
178,24,33.28,8.53,2.13,8,9,0,68.91,1,2500.0
179,0,11.51,1.47,0.18,2,2,0,27.16,1,5520.3
179,1,11.62,1.78,0.0,3,3,0,27.26,1,5672.8
179,2,10.85,1.74,0.54,3,3,0,27.46,1,5618.6
179,3,11.04,1.62,0.47,3,3,0,27.76,1,5421.2
179,4,10.77,0.75,0.37,3,3,0,28.16,1,5352.3
179,5,10.83,0.5,0.3,3,3,0,28.66,1,5289.5
179,6,11.3,0.55,0.41,3,3,0,29.26,1,5069.9
179,7,12.09,1.23,0.75,3,3,0,29.96,1,4892.3
179,8,13.45,1.45,0.77,3,3,0,30.76,1,4668.7
179,9,14.67,2.4,1.0,4,4,0,31.66,1,4750.2
179,10,15.58,3.04,0.88,4,5,0,32.66,1,4691.0
179,11,16.01,2.99,1.57,4,5,0,33.76,1,4080.0
179,12,15.72,3.69,1.46,5,6,0,34.96,1,3816.6
179,13,16.17,3.96,1.47,5,6,0,36.26,1,4065.6
179,14,17.33,4.16,1.62,5,6,0,37.66,1,3864.1
179,15,17.31,4.4,1.23,6,7,0,39.16,1,3862.6
179,16,19.11,5.33,1.8,7,8,0,40.76,1,3523.4
179,17,20.38,6.17,2.37,8,9,0,42.46,1,3272.8
179,18,22.59,6.8,1.85,8,9,0,44.26,1,3063.4
179,19,23.52,7.59,2.49,8,9,0,46.16,1,3069.7
